Bin ID	Tax	GTDB	Taxon
MAG_000	k_Bacteria;n_FCB group;n_Bacteroidetes/Chlorobi group;p_Bacteroidetes;c_Bacteroidia;o_Bacteroidales;f_Prevotellaceae;g_Prevotella	d__Bacteria;p__Bacteroidota;c__Bacteroidia;o__Bacteroidales;f__Bacteroidaceae;g__Prevotella;s__Prevotella sp900315835	d__Bacteria;p__Bacteroidota;c__Bacteroidia;o__Bacteroidales;f__Bacteroidaceae;g__Prevotella;s__Prevotella (sp900315835)
MAG_001	k_Bacteria;n_Terrabacteria group;p_Firmicutes	d__Bacteria;p__Bacillota_A;c__Clostridia;o__Peptostreptococcales;f__Anaerovoracaceae;g__Lentihominibacter;s__	d__Bacteria;p__Bacillota_A;c__Clostridia;o__Peptostreptococcales;f__Anaerovoracaceae;g__Lentihominibacter
MAG_002	k_Bacteria;n_Terrabacteria group;p_Firmicutes;c_Erysipelotrichia;o_Erysipelotrichales;f_Erysipelotrichaceae;n_unclassified Erysipelotrichaceae;s_Erysipelotrichaceae bacterium	d__Bacteria;p__Bacillota;c__Bacilli;o__Erysipelotrichales;f__Erysipelotrichaceae;g__RUG521;s__	d__Bacteria;p__Bacillota;c__Bacilli;o__Erysipelotrichales;f__Erysipelotrichaceae;g__Erysipelotrichaceae (RUG521)
MAG_003	k_Bacteria;n_FCB group;n_Bacteroidetes/Chlorobi group;p_Bacteroidetes;c_Bacteroidia;o_Bacteroidales;f_Muribaculaceae;g_Sodaliphilus;s_Sodaliphilus pleomorphus	d__Bacteria;p__Bacteroidota;c__Bacteroidia;o__Bacteroidales;f__Muribaculaceae;g__Sodaliphilus;s__Sodaliphilus pleomorphus	d__Bacteria;p__Bacteroidota;c__Bacteroidia;o__Bacteroidales;f__Muribaculaceae;g__Sodaliphilus;s__Sodaliphilus pleomorphus
MAG_004	k_Bacteria;n_FCB group;n_Bacteroidetes/Chlorobi group;p_Bacteroidetes;c_Bacteroidia;o_Bacteroidales;n_unclassified Bacteroidales;s_Bacteroidales bacterium	d__Bacteria;p__Bacteroidota;c__Bacteroidia;o__Bacteroidales;f__UBA932;g__Cryptobacteroides;s__Cryptobacteroides sp017438265	d__Bacteria;p__Bacteroidota;c__Bacteroidia;o__Bacteroidales;f__UBA932;g__Cryptobacteroides;s__Cryptobacteroides (sp017438265)
MAG_005	k_Bacteria;n_FCB group;n_Bacteroidetes/Chlorobi group;p_Bacteroidetes;c_Bacteroidia;o_Bacteroidales;f_Bacteroidaceae	d__Bacteria;p__Bacteroidota;c__Bacteroidia;o__Bacteroidales;f__Bacteroidaceae;g__Ga6A1;s__Ga6A1 sp900102385	d__Bacteria;p__Bacteroidota;c__Bacteroidia;o__Bacteroidales;f__Bacteroidaceae;g__Bacteroidaceae (Ga6A1 sp900102385)
MAG_006	k_Bacteria;n_Terrabacteria group;p_Firmicutes;c_Bacilli;o_Lactobacillales;f_Lactobacillaceae;g_Limosilactobacillus	d__Bacteria;p__Bacillota;c__Bacilli;o__Lactobacillales;f__Lactobacillaceae;g__Limosilactobacillus;s__Limosilactobacillus gallistercoris	d__Bacteria;p__Bacillota;c__Bacilli;o__Lactobacillales;f__Lactobacillaceae;g__Limosilactobacillus;s__Limosilactobacillus gallistercoris
MAG_007	k_Bacteria;n_FCB group;n_Bacteroidetes/Chlorobi group;p_Bacteroidetes;c_Bacteroidia;o_Bacteroidales;f_Prevotellaceae;g_Prevotella;n_unclassified Prevotella;s_Prevotella sp.	d__Bacteria;p__Bacteroidota;c__Bacteroidia;o__Bacteroidales;f__Bacteroidaceae;g__Prevotella;s__Prevotella sp905236755	d__Bacteria;p__Bacteroidota;c__Bacteroidia;o__Bacteroidales;f__Bacteroidaceae;g__Prevotella;s__Prevotella (sp905236755)
MAG_008	k_Bacteria;p_Elusimicrobia;c_Elusimicrobia;o_Elusimicrobiales;f_Elusimicrobiaceae	d__Bacteria;p__Elusimicrobiota;c__Elusimicrobia;o__Elusimicrobiales;f__Elusimicrobiaceae;g__UBA1174;s__	d__Bacteria;p__Elusimicrobiota;c__Elusimicrobia;o__Elusimicrobiales;f__Elusimicrobiaceae;g__Elusimicrobiaceae (UBA1174)
MAG_009	k_Bacteria;n_Terrabacteria group;p_Firmicutes;c_Clostridia	d__Bacteria;p__Bacillota_A;c__Clostridia;o__Oscillospirales;f__Acutalibacteraceae;g__UBA737;s__	d__Bacteria;p__Bacillota_A;c__Clostridia;o__Oscillospirales;f__Acutalibacteraceae;g__Acutalibacteraceae (UBA737)
MAG_010	k_Bacteria	d__Bacteria;p__Cyanobacteriota;c__Vampirovibrionia;o__Gastranaerophilales;f__Gastranaerophilaceae;g__RGIG6874;s__	d__Bacteria;p__Cyanobacteriota;c__Vampirovibrionia;o__Gastranaerophilales;f__Gastranaerophilaceae;g__Gastranaerophilaceae (RGIG6874)
MAG_011	k_Bacteria;n_Terrabacteria group;p_Firmicutes;c_Clostridia;o_Eubacteriales;f_Oscillospiraceae	d__Bacteria;p__Bacillota_A;c__Clostridia;o__Oscillospirales;f__Ruminococcaceae;g__RUG11783;s__	d__Bacteria;p__Bacillota_A;c__Clostridia;o__Oscillospirales;f__Ruminococcaceae;g__Ruminococcaceae (RUG11783)
MAG_012	k_Bacteria;n_FCB group;n_Bacteroidetes/Chlorobi group;p_Bacteroidetes;c_Bacteroidia;o_Bacteroidales	d__Bacteria;p__Bacteroidota;c__Bacteroidia;o__Bacteroidales;f__Bacteroidaceae;g__RUG11857;s__	d__Bacteria;p__Bacteroidota;c__Bacteroidia;o__Bacteroidales;f__Bacteroidaceae;g__Bacteroidaceae (RUG11857)
MAG_013	k_Bacteria;n_Terrabacteria group;p_Firmicutes;c_Clostridia;o_Eubacteriales;f_Eubacteriaceae;g_Pseudoramibacter;s_Pseudoramibacter alactolyticus	d__Bacteria;p__Bacillota_A;c__Clostridia;o__Eubacteriales;f__Eubacteriaceae;g__Pseudoramibacter;s__	d__Bacteria;p__Bacillota_A;c__Clostridia;o__Eubacteriales;f__Eubacteriaceae;g__Pseudoramibacter;s__Pseudoramibacter alactolyticus
MAG_014	k_Bacteria;n_Terrabacteria group;p_Firmicutes;c_Clostridia;o_Eubacteriales;f_Oscillospiraceae	d__Bacteria;p__Bacillota_A;c__Clostridia;o__Oscillospirales;f__Oscillospiraceae;g__Faecousia;s__	d__Bacteria;p__Bacillota_A;c__Clostridia;o__Oscillospirales;f__Oscillospiraceae;g__Faecousia
MAG_015	k_Bacteria;n_FCB group;n_Bacteroidetes/Chlorobi group;p_Bacteroidetes;c_Bacteroidia;o_Bacteroidales	d__Bacteria;p__Bacteroidota;c__Bacteroidia;o__Bacteroidales;f__Bacteroidaceae;g__UBA6382;s__UBA6382 sp900316315	d__Bacteria;p__Bacteroidota;c__Bacteroidia;o__Bacteroidales;f__Bacteroidaceae;g__Bacteroidaceae (UBA6382 sp900316315)
MAG_016	k_Bacteria;p_Proteobacteria;c_Alphaproteobacteria;o_Rhodobacterales;f_Rhodobacteraceae	d__Bacteria;p__Pseudomonadota;c__Alphaproteobacteria;o__Rhodobacterales;f__Rhodobacteraceae;g__Paenirhodobacter;s__Paenirhodobacter hankyongi	d__Bacteria;p__Pseudomonadota;c__Alphaproteobacteria;o__Rhodobacterales;f__Rhodobacteraceae;g__Paenirhodobacter;s__Paenirhodobacter hankyongi
MAG_017	k_Bacteria;n_Terrabacteria group;p_Firmicutes;c_Clostridia;o_Eubacteriales;f_Lachnospiraceae;n_unclassified Lachnospiraceae;s_Lachnospiraceae bacterium	d__Bacteria;p__Bacillota_A;c__Clostridia;o__Lachnospirales;f__Lachnospiraceae;g__NK4A144;s__NK4A144 sp900114405	d__Bacteria;p__Bacillota_A;c__Clostridia;o__Lachnospirales;f__Lachnospiraceae;g__NK4A144;s__Lachnospiraceae (NK4A144 sp900114405)
MAG_018	k_Bacteria;n_FCB group;n_Bacteroidetes/Chlorobi group;p_Bacteroidetes;c_Bacteroidia;o_Bacteroidales;n_unclassified Bacteroidales;s_Bacteroidales bacterium	d__Bacteria;p__Bacteroidota;c__Bacteroidia;o__Bacteroidales;f__UBA932;g__Cryptobacteroides;s__Cryptobacteroides sp900316045	d__Bacteria;p__Bacteroidota;c__Bacteroidia;o__Bacteroidales;f__UBA932;g__Cryptobacteroides;s__Cryptobacteroides (sp900316045)
MAG_019	k_Bacteria;n_Terrabacteria group;p_Firmicutes;c_Clostridia	d__Bacteria;p__Bacillota_A;c__Clostridia;o__Oscillospirales;f__Acutalibacteraceae;g__UBA737;s__	d__Bacteria;p__Bacillota_A;c__Clostridia;o__Oscillospirales;f__Acutalibacteraceae;g__Acutalibacteraceae (UBA737)
MAG_020	k_Bacteria;n_Terrabacteria group;p_Firmicutes;n_unclassified Firmicutes sensu stricto;s_Firmicutes bacterium	d__Bacteria;p__Bacillota_A;c__Clostridia;o__Peptostreptococcales;f__Anaerovoracaceae;g__RUG11894;s__	d__Bacteria;p__Bacillota_A;c__Clostridia;o__Peptostreptococcales;f__Anaerovoracaceae;g__Anaerovoracaceae (RUG11894)
MAG_021	k_Bacteria;n_FCB group;n_Bacteroidetes/Chlorobi group;p_Bacteroidetes;c_Bacteroidia;o_Bacteroidales	d__Bacteria;p__Bacteroidota;c__Bacteroidia;o__Bacteroidales;f__UBA932;g__Bact-11;s__	d__Bacteria;p__Bacteroidota;c__Bacteroidia;o__Bacteroidales;f__Bacteroidales (UBA932)
MAG_022	k_Bacteria;n_Terrabacteria group;p_Firmicutes	d__Bacteria;p__Bacillota_A;c__Clostridia;o__Peptostreptococcales;f__Anaerovoracaceae;g__RGIG7041;s__	d__Bacteria;p__Bacillota_A;c__Clostridia;o__Peptostreptococcales;f__Anaerovoracaceae;g__Anaerovoracaceae (RGIG7041)
MAG_023	k_Bacteria;n_Terrabacteria group;p_Firmicutes;c_Clostridia;o_Eubacteriales;f_Oscillospiraceae	d__Bacteria;p__Bacillota_A;c__Clostridia;o__Oscillospirales;f__Oscillospiraceae;g__ER4;s__	d__Bacteria;p__Bacillota_A;c__Clostridia;o__Oscillospirales;f__Oscillospiraceae;g__Oscillospiraceae (ER4)
MAG_024	k_Bacteria;n_FCB group;n_Bacteroidetes/Chlorobi group;p_Bacteroidetes;c_Bacteroidia;o_Bacteroidales;f_Paludibacteraceae;n_unclassified Paludibacteraceae;s_Paludibacteraceae bacterium	d__Bacteria;p__Bacteroidota;c__Bacteroidia;o__Bacteroidales;f__Paludibacteraceae;g__RF16;s__	d__Bacteria;p__Bacteroidota;c__Bacteroidia;o__Bacteroidales;f__Paludibacteraceae;g__Paludibacteraceae (RF16)
MAG_025	k_Bacteria;n_Terrabacteria group;p_Firmicutes;c_Clostridia;o_Eubacteriales;f_Lachnospiraceae;g_Butyrivibrio;n_unclassified Butyrivibrio;s_Butyrivibrio sp.	d__Bacteria;p__Bacillota_A;c__Clostridia;o__Lachnospirales;f__Lachnospiraceae;g__Butyrivibrio;s__Butyrivibrio sp000424545	d__Bacteria;p__Bacillota_A;c__Clostridia;o__Lachnospirales;f__Lachnospiraceae;g__Butyrivibrio;s__Butyrivibrio (sp000424545)
MAG_026	k_Bacteria;n_Terrabacteria group;p_Firmicutes;c_Bacilli;o_Lactobacillales;f_Lactobacillaceae;g_Limosilactobacillus	d__Bacteria;p__Bacillota;c__Bacilli;o__Lactobacillales;f__Lactobacillaceae;g__Limosilactobacillus;s__Limosilactobacillus sp002299975	d__Bacteria;p__Bacillota;c__Bacilli;o__Lactobacillales;f__Lactobacillaceae;g__Limosilactobacillus;s__Limosilactobacillus (sp002299975)
MAG_027	k_Bacteria;n_FCB group;p_Fibrobacteres;c_Fibrobacteria;o_Fibrobacterales;f_Fibrobacteraceae	d__Bacteria;p__Fibrobacterota;c__Fibrobacteria;o__Fibrobacterales;f__Fibrobacteraceae;g__Hallerella;s__Hallerella sp002390045	d__Bacteria;p__Fibrobacterota;c__Fibrobacteria;o__Fibrobacterales;f__Fibrobacteraceae;g__Hallerella;s__Hallerella (sp002390045)
MAG_028	k_Bacteria;n_Terrabacteria group;p_Firmicutes;n_unclassified Firmicutes sensu stricto;s_Firmicutes bacterium	d__Bacteria;p__Bacillota_A;c__Clostridia;o__Peptostreptococcales;f__Anaerovoracaceae;g__Lentihominibacter;s__	d__Bacteria;p__Bacillota_A;c__Clostridia;o__Peptostreptococcales;f__Anaerovoracaceae;g__Lentihominibacter
MAG_029	k_Bacteria;n_FCB group;n_Bacteroidetes/Chlorobi group;p_Bacteroidetes;c_Bacteroidia;o_Bacteroidales	d__Bacteria;p__Bacteroidota;c__Bacteroidia;o__Bacteroidales;f__UBA932;g__Bact-11;s__	d__Bacteria;p__Bacteroidota;c__Bacteroidia;o__Bacteroidales;f__Bacteroidales (UBA932)
MAG_030	k_Bacteria;n_Terrabacteria group;p_Firmicutes;c_Clostridia	d__Bacteria;p__Bacillota_A;c__Clostridia;o__Christensenellales;f__CAG-74;g__RUG563;s__	d__Bacteria;p__Bacillota_A;c__Clostridia;o__Christensenellales;f__ Christensenellales (CAG-74)
MAG_031		d__Bacteria;p__Eremiobacterota;c__Xenobia;o__Xenobiales;f__Xenobiaceae;g__RGIG3641;s__	d__Bacteria;p__Eremiobacterota;c__Xenobia;o__Xenobiales;f__Xenobiaceae;g__Xenobiaceae (RGIG3641)
MAG_032	k_Bacteria;n_Terrabacteria group;p_Firmicutes;c_Clostridia	d__Bacteria;p__Bacillota_A;c__Clostridia;o__Oscillospirales;f__CAG-272;g__;s__	d__Bacteria;p__Bacillota_A;c__Clostridia;o__Oscillospirales;f__Oscillospirales (CAG-272)
MAG_033	k_Bacteria;n_FCB group;n_Bacteroidetes/Chlorobi group;p_Bacteroidetes;c_Bacteroidia;o_Bacteroidales;f_Prevotellaceae;g_Prevotella	d__Bacteria;p__Bacteroidota;c__Bacteroidia;o__Bacteroidales;f__Bacteroidaceae;g__Prevotella;s__	d__Bacteria;p__Bacteroidota;c__Bacteroidia;o__Bacteroidales;f__Bacteroidaceae;g__Prevotella
MAG_034	k_Bacteria;n_Terrabacteria group;p_Firmicutes	d__Bacteria;p__Bacillota_A;c__Clostridia;o__Lachnospirales;f__Lachnospiraceae;g__Oribacterium;s__Oribacterium sp900318695	d__Bacteria;p__Bacillota_A;c__Clostridia;o__Lachnospirales;f__Lachnospiraceae;g__Oribacterium;s__Oribacterium (sp900318695)
MAG_035	k_Bacteria;n_Terrabacteria group;p_Firmicutes;c_Clostridia;o_Eubacteriales	d__Bacteria;p__Bacillota_A;c__Clostridia;o__Lachnospirales;f__Lachnospiraceae;g__Bilifractor;s__Bilifractor sp902797025	d__Bacteria;p__Bacillota_A;c__Clostridia;o__Lachnospirales;f__Lachnospiraceae;g__Bilifractor;s__Bilifractor (sp902797025)
MAG_036	k_Bacteria;n_Terrabacteria group;p_Firmicutes;c_Bacilli;o_Lactobacillales;f_Lactobacillaceae;g_Limosilactobacillus;s_Candidatus Limosilactobacillus merdipullorum	d__Bacteria;p__Bacillota;c__Bacilli;o__Lactobacillales;f__Lactobacillaceae;g__Limosilactobacillus;s__	d__Bacteria;p__Bacillota;c__Bacilli;o__Lactobacillales;f__Lactobacillaceae;g__Limosilactobacillus;s__Candidatus Limosilactobacillus merdipullorum
MAG_037	k_Bacteria;n_Terrabacteria group;p_Firmicutes;c_Bacilli;o_Lactobacillales;f_Lactobacillaceae;g_Limosilactobacillus	d__Bacteria;p__Bacillota;c__Bacilli;o__Lactobacillales;f__Lactobacillaceae;g__Lactobacillus;s__	d__Bacteria;p__Bacillota;c__Bacilli;o__Lactobacillales;f__Lactobacillaceae;g__Lactobacillus
MAG_038	k_Bacteria;n_Terrabacteria group;p_Firmicutes;c_Clostridia	d__Bacteria;p__Bacillota_A;c__Clostridia;o__Oscillospirales;f__Butyricicoccaceae;g__;s__	d__Bacteria;p__Bacillota_A;c__Clostridia;o__Oscillospirales;f__Butyricicoccaceae
MAG_039	k_Bacteria;n_Terrabacteria group;p_Firmicutes;c_Clostridia	d__Bacteria;p__Bacillota_A;c__Clostridia;o__Oscillospirales;f__CAG-382;g__SIG653;s__	d__Bacteria;p__Bacillota_A;c__Clostridia;o__Oscillospirales;f__Oscillospirales (CAG-382)
MAG_040	k_Bacteria;n_Terrabacteria group;p_Firmicutes;c_Clostridia;o_Eubacteriales;n_Eubacteriales incertae sedis;f_Eubacteriales Family XIII. Incertae Sedis;g_Mogibacterium	d__Bacteria;p__Bacillota_A;c__Clostridia;o__Peptostreptococcales;f__Anaerovoracaceae;g__RUG099;s__	d__Bacteria;p__Bacillota_A;c__Clostridia;o__Peptostreptococcales;f__Anaerovoracaceae;g__Anaerovoracaceae (RUG099)
MAG_041		d__Bacteria;p__Bacillota_A;c__Clostridia;o__Lachnospirales;f__Lachnospiraceae;g__Clostridium_R;s__Clostridium_R aminophilum	d__Bacteria;p__Bacillota_A;c__Clostridia;o__Lachnospirales;f__Lachnospiraceae;g__Clostridium_R;s__Clostridium_R aminophilum
MAG_042	k_Bacteria;n_Terrabacteria group;p_Firmicutes;c_Clostridia;o_Eubacteriales;n_Eubacteriales incertae sedis;f_Eubacteriales Family XIII. Incertae Sedis;g_Hornefia	d__Bacteria;p__Bacillota_A;c__Clostridia;o__Peptostreptococcales;f__Anaerovoracaceae;g__Hornefia;s__Hornefia butyriciproducens	d__Bacteria;p__Bacillota_A;c__Clostridia;o__Peptostreptococcales;f__Anaerovoracaceae;g__Hornefia;s__Hornefia butyriciproducens
MAG_043	k_Bacteria;p_Elusimicrobia;c_Elusimicrobia;o_Elusimicrobiales;f_Elusimicrobiaceae;n_unclassified Elusimicrobiaceae;s_Elusimicrobiaceae bacterium	d__Bacteria;p__Elusimicrobiota;c__Elusimicrobia;o__Elusimicrobiales;f__Elusimicrobiaceae;g__UBA1436;s__UBA1436 sp017525025	d__Bacteria;p__Elusimicrobiota;c__Elusimicrobia;o__Elusimicrobiales;f__Elusimicrobiaceae;g__Elusimicrobiaceae (UBA1436 sp017525025)
MAG_044	k_Bacteria;n_Terrabacteria group;p_Firmicutes;c_Negativicutes;o_Acidaminococcales;f_Acidaminococcaceae;g_Acidaminococcus	d__Bacteria;p__Bacillota_C;c__Negativicutes;o__Acidaminococcales;f__Acidaminococcaceae;g__Acidaminococcus;s__Acidaminococcus fermentans	d__Bacteria;p__Bacillota_C;c__Negativicutes;o__Acidaminococcales;f__Acidaminococcaceae;g__Acidaminococcus;s__Acidaminococcus fermentans
MAG_045	k_Bacteria;n_Terrabacteria group;p_Firmicutes	d__Bacteria;p__Bacillota;c__Bacilli;o__RFN20;f__CAG-826;g__SIG220;s__	d__Bacteria;p__Bacillota;c__Bacilli;o__Bacilli (RFN20)
MAG_046	k_Bacteria;n_Terrabacteria group;p_Firmicutes;c_Clostridia;o_Eubacteriales	d__Bacteria;p__Bacillota_A;c__Clostridia;o__Lachnospirales;f__Lachnospiraceae;g__Bilifractor;s__Bilifractor sp900318755	d__Bacteria;p__Bacillota_A;c__Clostridia;o__Lachnospirales;f__Lachnospiraceae;g__Bilifractor;s__Bilifractor (sp900318755)
MAG_047	k_Bacteria;n_FCB group;n_Bacteroidetes/Chlorobi group;p_Bacteroidetes;c_Bacteroidia;o_Bacteroidales;n_unclassified Bacteroidales;s_Bacteroidales bacterium	d__Bacteria;p__Bacteroidota;c__Bacteroidia;o__Bacteroidales;f__F082;g__Limimorpha;s__Limimorpha sp902791165	d__Bacteria;p__Bacteroidota;c__Bacteroidia;o__Bacteroidales;f__F082;g__Limimorpha;s__Limimorpha (sp902791165)
MAG_048	k_Bacteria;n_Terrabacteria group;p_Firmicutes;c_Clostridia;o_Eubacteriales	d__Bacteria;p__Bacillota_A;c__Clostridia;o__Lachnospirales;f__Lachnospiraceae;g__UBA2912;s__	d__Bacteria;p__Bacillota_A;c__Clostridia;o__Lachnospirales;f__Lachnospiraceae;g__Lachnospiraceae (UBA2912)
MAG_049	k_Bacteria;n_Terrabacteria group;p_Firmicutes;c_Clostridia;o_Eubacteriales	d__Bacteria;p__Bacillota_A;c__Clostridia;o__Lachnospirales;f__Lachnospiraceae;g__Bilifractor;s__Bilifractor sp900318405	d__Bacteria;p__Bacillota_A;c__Clostridia;o__Lachnospirales;f__Lachnospiraceae;g__Bilifractor;s__Bilifractor (sp900318405)
MAG_050	k_Bacteria;p_Proteobacteria;c_Alphaproteobacteria;o_Hyphomicrobiales;f_Parvibaculaceae;g_Parvibaculum	d__Bacteria;p__Pseudomonadota;c__Alphaproteobacteria;o__Parvibaculales;f__Parvibaculaceae;g__Parvibaculum;s__Parvibaculum sp013823365	d__Bacteria;p__Pseudomonadota;c__Alphaproteobacteria;o__Parvibaculales;f__Parvibaculaceae;g__Parvibaculum;s__Parvibaculum (sp013823365)
MAG_051	k_Bacteria;n_Terrabacteria group;p_Firmicutes;c_Clostridia	d__Bacteria;p__Bacillota_A;c__Clostridia;o__Christensenellales;f__CAG-917;g__RGIG8124;s__	d__Bacteria;p__Bacillota_A;c__Clostridia;o__Christensenellales;f__Christensenellales (CAG-917)
MAG_052	k_Bacteria;n_Terrabacteria group;p_Firmicutes	d__Bacteria;p__Bacillota_A;c__Clostridia;o__Peptostreptococcales;f__Anaerovoracaceae;g__JAILLO01;s__	d__Bacteria;p__Bacillota_A;c__Clostridia;o__Peptostreptococcales;f__Anaerovoracaceae;g__Anaerovoracaceae (JAILLO01)
MAG_053	k_Bacteria;n_Terrabacteria group;p_Firmicutes;c_Clostridia;o_Eubacteriales	d__Bacteria;p__Bacillota_A;c__Clostridia;o__Lachnospirales;f__Lachnospiraceae;g__RGIG5612;s__	d__Bacteria;p__Bacillota_A;c__Clostridia;o__Lachnospirales;f__Lachnospiraceae;g__Lachnospiraceae (RGIG5612)
MAG_054	k_Bacteria;n_Terrabacteria group;p_Firmicutes;c_Clostridia;o_Eubacteriales;f_Eubacteriaceae;g_Pseudoramibacter	d__Bacteria;p__Bacillota_A;c__Clostridia;o__Eubacteriales;f__Eubacteriaceae;g__Pseudoramibacter;s__Pseudoramibacter fermentans	d__Bacteria;p__Bacillota_A;c__Clostridia;o__Eubacteriales;f__Eubacteriaceae;g__Pseudoramibacter;s__Pseudoramibacter fermentans
MAG_055	k_Bacteria;n_FCB group;n_Bacteroidetes/Chlorobi group;p_Bacteroidetes;c_Bacteroidia;o_Bacteroidales;n_unclassified Bacteroidales;s_Bacteroidales bacterium	d__Bacteria;p__Bacteroidota;c__Bacteroidia;o__Bacteroidales;f__F082;g__Limimorpha;s__	d__Bacteria;p__Bacteroidota;c__Bacteroidia;o__Bacteroidales;f__F082;g__Limimorpha
MAG_056	k_Bacteria;n_FCB group;n_Bacteroidetes/Chlorobi group;p_Bacteroidetes;c_Bacteroidia;o_Bacteroidales;n_unclassified Bacteroidales;s_Bacteroidales bacterium	d__Bacteria;p__Bacteroidota;c__Bacteroidia;o__Bacteroidales;f__UBA932;g__Cryptobacteroides;s__Cryptobacteroides sp017437825	d__Bacteria;p__Bacteroidota;c__Bacteroidia;o__Bacteroidales;f__UBA932;g__Cryptobacteroides;s__Cryptobacteroides (sp017437825)
MAG_057	k_Bacteria;n_Terrabacteria group;p_Firmicutes;c_Clostridia;o_Eubacteriales;f_Lachnospiraceae;n_unclassified Lachnospiraceae;s_Lachnospiraceae bacterium	d__Bacteria;p__Bacillota_A;c__Clostridia;o__Lachnospirales;f__Lachnospiraceae;g__Weimeria;s__Weimeria sp900316165	d__Bacteria;p__Bacillota_A;c__Clostridia;o__Lachnospirales;f__Lachnospiraceae;g__Weimeria;s__Weimeria (sp900316165)
MAG_058	k_Bacteria;n_Terrabacteria group;p_Firmicutes;c_Bacilli;o_Lactobacillales;f_Lactobacillaceae;g_Lactobacillus	d__Bacteria;p__Bacillota;c__Bacilli;o__Lactobacillales;f__Lactobacillaceae;g__Lactobacillus;s__Lactobacillus amylovorus	d__Bacteria;p__Bacillota;c__Bacilli;o__Lactobacillales;f__Lactobacillaceae;g__Lactobacillus;s__Lactobacillus amylovorus
MAG_059	k_Bacteria;n_Terrabacteria group;p_Firmicutes;c_Clostridia;o_Eubacteriales;f_Eubacteriaceae;g_Eubacterium;n_unclassified Eubacterium;s_Eubacterium sp.	d__Bacteria;p__Bacillota_A;c__Clostridia;o__Lachnospirales;f__Lachnospiraceae;g__Bilifractor;s__Bilifractor sp000702845	d__Bacteria;p__Bacillota_A;c__Clostridia;o__Lachnospirales;f__Lachnospiraceae;g__Bilifractor;s__Bilifractor (sp000702845)
MAG_060	k_Bacteria;n_Terrabacteria group;p_Firmicutes;c_Erysipelotrichia;o_Erysipelotrichales;f_Coprobacillaceae;g_Kandleria;s_Kandleria vitulina	d__Bacteria;p__Bacillota;c__Bacilli;o__Erysipelotrichales;f__Coprobacillaceae;g__Kandleria;s__Kandleria vitulina	d__Bacteria;p__Bacillota;c__Bacilli;o__Erysipelotrichales;f__Coprobacillaceae;g__Kandleria;s__Kandleria vitulina
MAG_061	k_Bacteria;n_Terrabacteria group;p_Firmicutes	d__Bacteria;p__Bacillota;c__Bacilli;o__RFN20;f__CAG-449;g__UBA3210;s__	d__Bacteria;p__Bacillota;c__Bacilli;o__Bacilli (RFN20)
MAG_062	k_Bacteria;n_FCB group;p_Fibrobacteres;c_Fibrobacteria;o_Fibrobacterales;f_Fibrobacteraceae;g_Fibrobacter;n_unclassified Fibrobacter;s_Fibrobacter sp.	d__Bacteria;p__Fibrobacterota;c__Fibrobacteria;o__Fibrobacterales;f__Fibrobacteraceae;g__Fibrobacter;s__Fibrobacter sp900215325	d__Bacteria;p__Fibrobacterota;c__Fibrobacteria;o__Fibrobacterales;f__Fibrobacteraceae;g__Fibrobacter;s__Fibrobacter (sp900215325)
MAG_063	k_Bacteria	d__Bacteria;p__Spirochaetota;c__Spirochaetia;o__Sphaerochaetales;f__Sphaerochaetaceae;g__RUG023;s__RUG023 sp900315435	d__Bacteria;p__Spirochaetota;c__Spirochaetia;o__Sphaerochaetales;f__Sphaerochaetaceae;g__Sphaerochaetaceae (RUG023 sp900315435)
MAG_064	k_Bacteria;n_Terrabacteria group;p_Firmicutes;c_Clostridia;o_Eubacteriales;f_Lachnospiraceae;g_Enterocloster	d__Bacteria;p__Bacillota_A;c__Clostridia;o__Lachnospirales;f__Lachnospiraceae;g__Enterocloster;s__Enterocloster bolteae	d__Bacteria;p__Bacillota_A;c__Clostridia;o__Lachnospirales;f__Lachnospiraceae;g__Enterocloster;s__Enterocloster bolteae
MAG_065	k_Bacteria;n_Terrabacteria group;p_Firmicutes;c_Clostridia;o_Eubacteriales;n_Eubacteriales incertae sedis;f_Eubacteriales Family XIII. Incertae Sedis;g_Mogibacterium	d__Bacteria;p__Bacillota_A;c__Clostridia;o__Peptostreptococcales;f__Anaerovoracaceae;g__RUG099;s__	d__Bacteria;p__Bacillota_A;c__Clostridia;o__Peptostreptococcales;f__Anaerovoracaceae;g__Anaerovoracaceae (RUG099)
MAG_066	k_Bacteria;n_Terrabacteria group;p_Firmicutes;c_Clostridia	d__Bacteria;p__Bacillota_A;c__Clostridia;o__Christensenellales;f__UBA1242;g__UBA4647;s__	d__Bacteria;p__Bacillota_A;c__Clostridia;o__Christensenellales;f__Christensenellales (UBA1242)
MAG_067	k_Bacteria;n_Terrabacteria group;p_Firmicutes;c_Clostridia;o_Eubacteriales;f_Lachnospiraceae;n_unclassified Lachnospiraceae;s_Lachnospiraceae bacterium	d__Bacteria;p__Bacillota_A;c__Clostridia;o__Lachnospirales;f__Lachnospiraceae;g__XBB1006;s__XBB1006 sp015057205	d__Bacteria;p__Bacillota_A;c__Clostridia;o__Lachnospirales;f__Lachnospiraceae;g__Lachnospiraceae (XBB1006 sp015057205)
MAG_068	k_Bacteria;n_Terrabacteria group;p_Firmicutes;c_Clostridia	d__Bacteria;p__Bacillota_A;c__Clostridia;o__Christensenellales;f__QAND01;g__QAND01;s__	d__Bacteria;p__Bacillota_A;c__Clostridia;o__Christensenellales;f__Christensenellales (QAND01)
MAG_069	k_Bacteria;n_Terrabacteria group;p_Firmicutes;c_Bacilli;o_Lactobacillales;f_Streptococcaceae;g_Streptococcus	d__Bacteria;p__Bacillota;c__Bacilli;o__Lactobacillales;f__Streptococcaceae;g__Streptococcus;s__Streptococcus equinus	d__Bacteria;p__Bacillota;c__Bacilli;o__Lactobacillales;f__Streptococcaceae;g__Streptococcus;s__Streptococcus equinus
MAG_070	k_Bacteria;n_Terrabacteria group;p_Firmicutes;c_Clostridia;o_Eubacteriales	d__Bacteria;p__Bacillota_A;c__Clostridia;o__Lachnospirales;f__Lachnospiraceae;g__UBA2912;s__UBA2912 sp900314775	d__Bacteria;p__Bacillota_A;c__Clostridia;o__Lachnospirales;f__Lachnospiraceae;g__Lachnospiraceae (UBA2912 sp900314775)
MAG_071	k_Bacteria;n_Terrabacteria group;p_Firmicutes;c_Clostridia;o_Eubacteriales;f_Lachnospiraceae;n_unclassified Lachnospiraceae;s_Lachnospiraceae bacterium	d__Bacteria;p__Bacillota_A;c__Clostridia;o__Lachnospirales;f__Lachnospiraceae;g__XBB1006;s__XBB1006 sp024694785	d__Bacteria;p__Bacillota_A;c__Clostridia;o__Lachnospirales;f__Lachnospiraceae;g__Lachnospiraceae (XBB1006 sp024694785)
MAG_072	k_Bacteria;n_Terrabacteria group;p_Firmicutes;c_Clostridia;o_Eubacteriales	d__Bacteria;p__Bacillota_A;c__Clostridia;o__Lachnospirales;f__Lachnospiraceae;g__SIG336;s__	d__Bacteria;p__Bacillota_A;c__Clostridia;o__Lachnospirales;f__Lachnospiraceae;g__Lachnospiraceae (SIG336)
MAG_073	k_Bacteria;n_FCB group;n_Bacteroidetes/Chlorobi group;p_Bacteroidetes;c_Bacteroidia;o_Bacteroidales;f_Bacteroidaceae;n_unclassified Bacteroidaceae;s_Bacteroidaceae bacterium	d__Bacteria;p__Bacteroidota;c__Bacteroidia;o__Bacteroidales;f__Bacteroidaceae;g__UBA4372;s__UBA4372 sp900320715	d__Bacteria;p__Bacteroidota;c__Bacteroidia;o__Bacteroidales;f__Bacteroidaceae;g__Bacteroidaceae (UBA4372 sp900320715)
MAG_074	k_Bacteria;n_Terrabacteria group;p_Firmicutes;c_Clostridia;o_Eubacteriales;f_Lachnospiraceae	d__Bacteria;p__Bacillota_A;c__Clostridia;o__Lachnospirales;f__Lachnospiraceae;g__XBB1006;s__	d__Bacteria;p__Bacillota_A;c__Clostridia;o__Lachnospirales;f__Lachnospiraceae;g__Lachnospiraceae (XBB1006)
MAG_075	k_Bacteria;n_FCB group;n_Bacteroidetes/Chlorobi group;p_Bacteroidetes;c_Bacteroidia;o_Bacteroidales;f_Prevotellaceae;g_Prevotella	d__Bacteria;p__Bacteroidota;c__Bacteroidia;o__Bacteroidales;f__Bacteroidaceae;g__Prevotella;s__Prevotella bryantii	d__Bacteria;p__Bacteroidota;c__Bacteroidia;o__Bacteroidales;f__Bacteroidaceae;g__Prevotella;s__Prevotella bryantii
MAG_076	k_Bacteria;n_Terrabacteria group;p_Firmicutes;c_Negativicutes;o_Selenomonadales;f_Selenomonadaceae;g_Anaerovibrio	d__Bacteria;p__Bacillota_C;c__Negativicutes;o__Selenomonadales;f__Selenomonadaceae;g__Anaerovibrio;s__Anaerovibrio lipolyticus_A	d__Bacteria;p__Bacillota_C;c__Negativicutes;o__Selenomonadales;f__Selenomonadaceae;g__Anaerovibrio;s__Anaerovibrio lipolyticus_A
MAG_077	k_Bacteria;n_FCB group;n_Bacteroidetes/Chlorobi group;p_Bacteroidetes;c_Bacteroidia;o_Bacteroidales;f_Prevotellaceae;g_Prevotella	d__Bacteria;p__Bacteroidota;c__Bacteroidia;o__Bacteroidales;f__Bacteroidaceae;g__Prevotella;s__Prevotella sp000619825	d__Bacteria;p__Bacteroidota;c__Bacteroidia;o__Bacteroidales;f__Bacteroidaceae;g__Prevotella;s__Prevotella (sp000619825)
MAG_078	k_Bacteria;n_PVC group;p_Kiritimatiellaeota;c_Kiritimatiellae	d__Bacteria;p__Verrucomicrobiota;c__Kiritimatiellia;o__RFP12;f__UBA3636;g__UBA3636;s__	d__Bacteria;p__Verrucomicrobiota;c__Kiritimatiellia;o__Kiritimatiellia (RFP12)
MAG_079	k_Bacteria;n_FCB group;n_Bacteroidetes/Chlorobi group;p_Bacteroidetes;c_Bacteroidia;o_Bacteroidales;n_unclassified Bacteroidales;s_Bacteroidales bacterium	d__Bacteria;p__Bacteroidota;c__Bacteroidia;o__Bacteroidales;f__P3;g__UBA1219;s__	d__Bacteria;p__Bacteroidota;c__Bacteroidia;o__Bacteroidales;g__Bacteroidales (UBA1219)
MAG_080	k_Bacteria;n_FCB group;n_Bacteroidetes/Chlorobi group;p_Bacteroidetes;c_Bacteroidia;o_Bacteroidales;n_unclassified Bacteroidales;s_Bacteroidales bacterium	d__Bacteria;p__Bacteroidota;c__Bacteroidia;o__Bacteroidales;f__W3P20-009;g__W3P20-009;s__W3P20-009 sp015061285	d__Bacteria;p__Bacteroidota;c__Bacteroidia;o__Bacteroidales;g__Bacteroidales(W3P20-009 sp015061285)
MAG_081	k_Bacteria;n_Terrabacteria group;p_Firmicutes;c_Clostridia	d__Bacteria;p__Bacillota_A;c__Clostridia;o__Christensenellales;f__Borkfalkiaceae;g__UBA10281;s__	d__Bacteria;p__Bacillota_A;c__Clostridia;o__Christensenellales;f__Borkfalkiaceae;g__Borkfalkiaceae (UBA10281)
MAG_082	k_Bacteria;n_Terrabacteria group;p_Firmicutes;c_Clostridia;o_Eubacteriales;f_Lachnospiraceae	d__Bacteria;p__Bacillota_A;c__Clostridia;o__Lachnospirales;f__Lachnospiraceae;g__AC2028;s__	d__Bacteria;p__Bacillota_A;c__Clostridia;o__Lachnospirales;f__Lachnospiraceae;g__Lachnospiraceae (AC2028)
MAG_083	k_Bacteria;n_Terrabacteria group;p_Firmicutes;c_Clostridia	d__Bacteria;p__Bacillota_A;c__Clostridia;o__Oscillospirales;f__CAG-272;g__RGIG3438;s__	d__Bacteria;p__Bacillota_A;c__Clostridia;o__Oscillospirales;f__CAG-272;g__Oscillospirales (RGIG3438)
MAG_084	k_Bacteria;n_Terrabacteria group;p_Firmicutes;c_Clostridia	d__Bacteria;p__Bacillota_A;c__Clostridia;o__Oscillospirales;f__CAG-382;g__UBA1752;s__	d__Bacteria;p__Bacillota_A;c__Clostridia;o__Oscillospirales;f__CAG-382;g__Oscillospirales (UBA1752)
MAG_085	k_Bacteria;n_Terrabacteria group;p_Actinobacteria;c_Actinomycetia;o_Bifidobacteriales;f_Bifidobacteriaceae;g_Bifidobacterium	d__Bacteria;p__Actinomycetota;c__Actinomycetia;o__Actinomycetales;f__Bifidobacteriaceae;g__Bifidobacterium;s__Bifidobacterium thermophilum	d__Bacteria;p__Actinomycetota;c__Actinomycetia;o__Actinomycetales;f__Bifidobacteriaceae;g__Bifidobacterium;s__Bifidobacterium thermophilum
MAG_086	k_Bacteria;n_FCB group;n_Bacteroidetes/Chlorobi group;p_Bacteroidetes;c_Bacteroidia;o_Bacteroidales;f_Muribaculaceae;n_unclassified Muribaculaceae;s_Muribaculaceae bacterium	d__Bacteria;p__Bacteroidota;c__Bacteroidia;o__Bacteroidales;f__Muribaculaceae;g__Sodaliphilus;s__Sodaliphilus sp902792435	d__Bacteria;p__Bacteroidota;c__Bacteroidia;o__Bacteroidales;f__Muribaculaceae;g__Sodaliphilus;s__Sodaliphilus (sp902792435)
MAG_087	k_Bacteria;n_FCB group;n_Bacteroidetes/Chlorobi group;p_Bacteroidetes;c_Bacteroidia;o_Bacteroidales;f_Prevotellaceae;g_Prevotella	d__Bacteria;p__Bacteroidota;c__Bacteroidia;o__Bacteroidales;f__Bacteroidaceae;g__Prevotella;s__	d__Bacteria;p__Bacteroidota;c__Bacteroidia;o__Bacteroidales;f__Bacteroidaceae;g__Prevotella
MAG_088	k_Bacteria;p_Proteobacteria;c_Alphaproteobacteria;o_Caulobacterales;f_Caulobacteraceae;g_Brevundimonas	d__Bacteria;p__Pseudomonadota;c__Alphaproteobacteria;o__Caulobacterales;f__Caulobacteraceae;g__Brevundimonas;s__Brevundimonas sp013823285	d__Bacteria;p__Pseudomonadota;c__Alphaproteobacteria;o__Caulobacterales;f__Caulobacteraceae;g__Brevundimonas;s__Brevundimonas (sp013823285)
MAG_089	k_Bacteria;n_FCB group;n_Bacteroidetes/Chlorobi group;p_Bacteroidetes;c_Bacteroidia;o_Bacteroidales;f_Paludibacteraceae;n_unclassified Paludibacteraceae;s_Paludibacteraceae bacterium	d__Bacteria;p__Bacteroidota;c__Bacteroidia;o__Bacteroidales;f__Paludibacteraceae;g__RGIG10190;s__RGIG10190 sp017961765	d__Bacteria;p__Bacteroidota;c__Bacteroidia;o__Bacteroidales;f__Paludibacteraceae;g__RGIG10190;s__Paludibacteraceae (RGIG10190 sp017961765)
MAG_090	k_Bacteria	d__Bacteria;p__Bacillota;c__Bacilli;o__Acholeplasmatales;f__Anaeroplasmataceae;g__JAEELC01;s__	d__Bacteria;p__Bacillota;c__Bacilli;o__Acholeplasmatales;f__Anaeroplasmataceae;g__Anaeroplasmataceae (JAEELC01)
MAG_091	k_Bacteria;n_Terrabacteria group;p_Firmicutes;c_Clostridia;o_Eubacteriales	d__Bacteria;p__Bacillota_A;c__Clostridia;o__Lachnospirales;f__Lachnospiraceae;g__Enterocloster;s__Enterocloster aldenensis	d__Bacteria;p__Bacillota_A;c__Clostridia;o__Lachnospirales;f__Lachnospiraceae;g__Enterocloster;s__Enterocloster aldenensis
MAG_092	k_Bacteria;n_Terrabacteria group;p_Firmicutes;c_Erysipelotrichia;o_Erysipelotrichales;f_Erysipelotrichaceae	d__Bacteria;p__Bacillota;c__Bacilli;o__Erysipelotrichales;f__Erysipelotrichaceae;g__Bulleidia;s__Bulleidia intestinalis	d__Bacteria;p__Bacillota;c__Bacilli;o__Erysipelotrichales;f__Erysipelotrichaceae;g__Bulleidia;s__Bulleidia intestinalis
MAG_093	k_Bacteria;n_Terrabacteria group;p_Firmicutes;c_Bacilli;o_Lactobacillales;f_Lactobacillaceae;g_Limosilactobacillus;s_Limosilactobacillus panis	d__Bacteria;p__Bacillota;c__Bacilli;o__Lactobacillales;f__Lactobacillaceae;g__Limosilactobacillus;s__Limosilactobacillus panis	d__Bacteria;p__Bacillota;c__Bacilli;o__Lactobacillales;f__Lactobacillaceae;g__Limosilactobacillus;s__Limosilactobacillus panis
MAG_094	k_Bacteria;n_Terrabacteria group;p_Firmicutes;c_Clostridia;o_Eubacteriales	d__Bacteria;p__Bacillota_A;c__Clostridia;o__Lachnospirales;f__Lachnospiraceae;g__UBA1066;s__UBA1066 sp002371465	d__Bacteria;p__Bacillota_A;c__Clostridia;o__Lachnospirales;f__Lachnospiraceae;g__UBA1066;s__Lachnospiraceae (UBA1066 sp002371465)
MAG_095	k_Bacteria;n_FCB group;n_Bacteroidetes/Chlorobi group;p_Bacteroidetes;c_Bacteroidia;o_Bacteroidales	d__Bacteria;p__Bacteroidota;c__Bacteroidia;o__Bacteroidales;f__P3;g__UBA1217;s__	d__Bacteria;p__Bacteroidota;c__Bacteroidia;o__Bacteroidales;f__P3;g__Bacteroidales (UBA1217)
MAG_096	k_Bacteria;n_FCB group;n_Bacteroidetes/Chlorobi group;p_Bacteroidetes;c_Bacteroidia;o_Bacteroidales;f_Prevotellaceae;g_Prevotella	d__Bacteria;p__Bacteroidota;c__Bacteroidia;o__Bacteroidales;f__Bacteroidaceae;g__Prevotella;s__	d__Bacteria;p__Bacteroidota;c__Bacteroidia;o__Bacteroidales;f__Bacteroidaceae;g__Prevotella
MAG_097	k_Bacteria;n_FCB group;n_Bacteroidetes/Chlorobi group;p_Bacteroidetes;c_Bacteroidia;o_Bacteroidales;f_Paludibacteraceae;n_unclassified Paludibacteraceae;s_Paludibacteraceae bacterium	d__Bacteria;p__Bacteroidota;c__Bacteroidia;o__Bacteroidales;f__Paludibacteraceae;g__RF16;s__RF16 sp900316005	d__Bacteria;p__Bacteroidota;c__Bacteroidia;o__Bacteroidales;f__Paludibacteraceae;g__RF16;s__Paludibacteraceae (RF16 sp900316005)
MAG_098	k_Bacteria;n_Terrabacteria group;p_Firmicutes;c_Clostridia;o_Eubacteriales;n_unclassified Eubacteriales;s_Clostridiales bacterium	d__Bacteria;p__Bacillota_A;c__Clostridia;o__Christensenellales;f__Christensenellaceae;g__QANA01;s__QANA01 sp019420265	d__Bacteria;p__Bacillota_A;c__Clostridia;o__Christensenellales;f__Christensenellaceae;g__QANA01;s__Christensenellaceae (QANA01 sp019420265)
MAG_099	k_Bacteria;n_FCB group;n_Bacteroidetes/Chlorobi group;p_Bacteroidetes;c_Bacteroidia;o_Bacteroidales;n_unclassified Bacteroidales;s_Bacteroidales bacterium	d__Bacteria;p__Bacteroidota;c__Bacteroidia;o__Bacteroidales;f__P3;g__UBA1217;s__UBA1217 sp902788805	d__Bacteria;p__Bacteroidota;c__Bacteroidia;o__Bacteroidales;f__P3;g__UBA1217;s__Bacteroidales (UBA1217 sp902788805)
MAG_100	k_Bacteria;n_Terrabacteria group;p_Firmicutes;c_Clostridia;o_Eubacteriales;f_Lachnospiraceae;g_Enterocloster	d__Bacteria;p__Bacillota_A;c__Clostridia;o__Lachnospirales;f__Lachnospiraceae;g__Enterocloster;s__Enterocloster lavalensis	d__Bacteria;p__Bacillota_A;c__Clostridia;o__Lachnospirales;f__Lachnospiraceae;g__Enterocloster;s__Enterocloster lavalensis
MAG_101	k_Bacteria;n_FCB group;n_Bacteroidetes/Chlorobi group;p_Bacteroidetes;c_Bacteroidia;o_Bacteroidales;n_unclassified Bacteroidales;s_Bacteroidales bacterium	d__Bacteria;p__Bacteroidota;c__Bacteroidia;o__Bacteroidales;f__UBA932;g__Cryptobacteroides;s__Cryptobacteroides sp900316245	d__Bacteria;p__Bacteroidota;c__Bacteroidia;o__Bacteroidales;f__UBA932;g__Cryptobacteroides;s__Cryptobacteroides (sp900316245)
MAG_102	k_Bacteria;p_Proteobacteria;c_Alphaproteobacteria	d__Bacteria;p__Pseudomonadota;c__Alphaproteobacteria;o__Rs-D84;f__Rs-D84;g__Enterousia;s__Enterousia sp905234465	d__Bacteria;p__Pseudomonadota;c__Alphaproteobacteria;o__Rs-D84;f__Rs-D84;g__Enterousia;s__Enterousia (sp905234465)
MAG_103	k_Bacteria;n_Terrabacteria group;p_Firmicutes;c_Clostridia	d__Bacteria;p__Bacillota_A;c__Clostridia;o__Christensenellales;f__Christensenellaceae;g__QANA01;s__	d__Bacteria;p__Bacillota_A;c__Clostridia;o__Christensenellales;f__Christensenellaceae;g__Christensenellaceae (QANA01)
MAG_104	k_Bacteria;n_Terrabacteria group;p_Firmicutes;c_Clostridia	d__Bacteria;p__Bacillota_A;c__Clostridia;o__Peptostreptococcales;f__Anaerovoracaceae;g__Eubacterium_T;s__Eubacterium_T saphenum_A	d__Bacteria;p__Bacillota_A;c__Clostridia;o__Peptostreptococcales;f__Anaerovoracaceae;g__Eubacterium_T;s__Eubacterium_(T) saphenum_(A)
MAG_105	k_Bacteria;n_Terrabacteria group;p_Firmicutes;c_Clostridia;o_Eubacteriales;f_Lachnospiraceae;n_unclassified Lachnospiraceae;s_Lachnospiraceae bacterium	d__Bacteria;p__Bacillota_A;c__Clostridia;o__Lachnospirales;f__Lachnospiraceae;g__SIG336;s__SIG336 sp015056765	d__Bacteria;p__Bacillota_A;c__Clostridia;o__Lachnospirales;f__Lachnospiraceae;g__SIG336;s__Lachnospiraceae (SIG336 sp015056765)
MAG_106	k_Bacteria;n_FCB group;n_Bacteroidetes/Chlorobi group;p_Bacteroidetes;c_Bacteroidia;o_Bacteroidales;n_unclassified Bacteroidales;s_Bacteroidales bacterium	d__Bacteria;p__Bacteroidota;c__Bacteroidia;o__Bacteroidales;f__P3;g__UBA1711;s__UBA1711 sp016280915	d__Bacteria;p__Bacteroidota;c__Bacteroidia;o__Bacteroidales;f__P3;g__UBA1711;s__Bacteroidales (UBA1711 sp016280915)
MAG_107	k_Bacteria;n_FCB group;n_Bacteroidetes/Chlorobi group;p_Bacteroidetes;c_Bacteroidia;o_Bacteroidales;f_Prevotellaceae;g_Prevotella;n_unclassified Prevotella;s_Prevotella sp.	d__Bacteria;p__Bacteroidota;c__Bacteroidia;o__Bacteroidales;f__Bacteroidaceae;g__Prevotella;s__	d__Bacteria;p__Bacteroidota;c__Bacteroidia;o__Bacteroidales;f__Bacteroidaceae;g__Prevotella
MAG_108	k_Bacteria;n_Terrabacteria group;p_Firmicutes;c_Clostridia;o_Eubacteriales	d__Bacteria;p__Bacillota_A;c__Clostridia;o__Lachnospirales;f__Lachnospiraceae;g__Blautia_A;s__	d__Bacteria;p__Bacillota_A;c__Clostridia;o__Lachnospirales;f__Lachnospiraceae;g__Blautia_A
MAG_109	k_Bacteria;n_Terrabacteria group;p_Firmicutes;n_unclassified Firmicutes sensu stricto;s_Firmicutes bacterium	d__Bacteria;p__Bacillota_A;c__Clostridia;o__Peptostreptococcales;f__Anaerovoracaceae;g__RGIG7111;s__	d__Bacteria;p__Bacillota_A;c__Clostridia;o__Peptostreptococcales;f__Anaerovoracaceae;g__Anaerovoracaceae (RGIG7111)
MAG_110	k_Bacteria;n_Terrabacteria group;p_Firmicutes;c_Bacilli;o_Lactobacillales;f_Lactobacillaceae;g_Lactobacillus	d__Bacteria;p__Bacillota;c__Bacilli;o__Lactobacillales;f__Lactobacillaceae;g__Lactobacillus;s__	d__Bacteria;p__Bacillota;c__Bacilli;o__Lactobacillales;f__Lactobacillaceae;g__Lactobacillus
MAG_111	k_Bacteria;n_Terrabacteria group;p_Firmicutes;c_Clostridia;o_Eubacteriales;f_Lachnospiraceae;n_unclassified Lachnospiraceae;s_Lachnospiraceae bacterium	d__Bacteria;p__Bacillota_A;c__Clostridia;o__Lachnospirales;f__Lachnospiraceae;g__XBB1006;s__XBB1006 sp015057115	d__Bacteria;p__Bacillota_A;c__Clostridia;o__Lachnospirales;f__Lachnospiraceae;g__XBB1006;s__Lachnospiraceae (XBB1006 sp015057115)
MAG_112	k_Bacteria;n_Terrabacteria group;p_Firmicutes;c_Clostridia;o_Eubacteriales;f_Oscillospiraceae;g_Oscillibacter;n_unclassified Oscillibacter;s_Oscillibacter sp.	d__Bacteria;p__Bacillota_A;c__Clostridia;o__Oscillospirales;f__Oscillospiraceae;g__Dysosmobacter;s__Dysosmobacter sp017469475	d__Bacteria;p__Bacillota_A;c__Clostridia;o__Oscillospirales;f__Oscillospiraceae;g__Dysosmobacter;s__Dysosmobacter (sp017469475)
MAG_113	k_Bacteria;n_FCB group;n_Bacteroidetes/Chlorobi group;p_Bacteroidetes;c_Bacteroidia;o_Bacteroidales;f_Paludibacteraceae	d__Bacteria;p__Bacteroidota;c__Bacteroidia;o__Bacteroidales;f__Paludibacteraceae;g__RF16;s__RF16 sp902800215	d__Bacteria;p__Bacteroidota;c__Bacteroidia;o__Bacteroidales;f__Paludibacteraceae;g__RF16;s__Paludibacteraceae (RF16 sp902800215)
MAG_114	k_Bacteria;n_FCB group;n_Bacteroidetes/Chlorobi group;p_Bacteroidetes;c_Bacteroidia;o_Bacteroidales;n_unclassified Bacteroidales;s_Bacteroidales bacterium	d__Bacteria;p__Bacteroidota;c__Bacteroidia;o__Bacteroidales;f__UBA932;g__Bact-11;s__Bact-11 sp017447265	d__Bacteria;p__Bacteroidota;c__Bacteroidia;o__Bacteroidales;f__UBA932;g__Bact-11;s__Bacteroidales (Bact-11 sp017447265)
MAG_115	k_Bacteria;n_Terrabacteria group;p_Firmicutes;c_Clostridia;o_Eubacteriales	d__Bacteria;p__Bacillota_A;c__Clostridia;o__Oscillospirales;f__Oscillospiraceae;g__Evtepia;s__	d__Bacteria;p__Bacillota_A;c__Clostridia;o__Oscillospirales;f__Oscillospiraceae;g__Evtepia
MAG_116	k_Bacteria;n_FCB group;n_Bacteroidetes/Chlorobi group;p_Bacteroidetes;c_Bacteroidia;o_Bacteroidales;f_Prevotellaceae;g_Prevotella	d__Bacteria;p__Bacteroidota;c__Bacteroidia;o__Bacteroidales;f__Bacteroidaceae;g__Prevotella;s__Prevotella sp900109055	d__Bacteria;p__Bacteroidota;c__Bacteroidia;o__Bacteroidales;f__Bacteroidaceae;g__Prevotella;s__Prevotella (sp900109055)
MAG_117	k_Bacteria;n_Terrabacteria group;p_Firmicutes	d__Bacteria;p__Bacillota;c__Bacilli;o__RF39;f__UBA660;g__RUG727;s__	d__Bacteria;p__Bacillota;c__Bacilli;o__RF39;f__UBA660;g__Bacilli (RUG727)
MAG_118	k_Bacteria;n_FCB group;n_Bacteroidetes/Chlorobi group;p_Bacteroidetes;c_Bacteroidia;o_Bacteroidales;n_unclassified Bacteroidales;s_Bacteroidales bacterium	d__Bacteria;p__Bacteroidota;c__Bacteroidia;o__Bacteroidales;f__UBA932;g__Cryptobacteroides;s__	d__Bacteria;p__Bacteroidota;c__Bacteroidia;o__Bacteroidales;f__UBA932;g__Cryptobacteroides
MAG_119	k_Bacteria;n_Terrabacteria group;p_Firmicutes;c_Clostridia	d__Bacteria;p__Bacillota_A;c__Clostridia;o__Oscillospirales;f__CAG-272;g__CAG-841;s__	d__Bacteria;p__Bacillota_A;c__Clostridia;o__Oscillospirales;f__CAG-272;g__Oscillospirales (CAG-841)
MAG_120	k_Bacteria;n_Terrabacteria group;p_Firmicutes;c_Clostridia;o_Eubacteriales;f_Lachnospiraceae;n_unclassified Lachnospiraceae;s_Lachnospiraceae bacterium	d__Bacteria;p__Bacillota_A;c__Clostridia;o__Lachnospirales;f__Lachnospiraceae;g__JAILFK01;s__JAILFK01 sp017634455	d__Bacteria;p__Bacillota_A;c__Clostridia;o__Lachnospirales;f__Lachnospiraceae;g__JAILFK01;s__Lachnospiraceae (JAILFK01 sp017634455)
MAG_121	k_Bacteria;n_Terrabacteria group;p_Firmicutes;c_Clostridia	d__Bacteria;p__Bacillota_A;c__Clostridia;o__Christensenellales;f__UBA1242;g__UBA7584;s__	d__Bacteria;p__Bacillota_A;c__Clostridia;o__Christensenellales;f__UBA1242;g__Christensenellales (UBA7584)
MAG_122	k_Bacteria;p_Spirochaetes;c_Spirochaetia;o_Spirochaetales;f_Treponemataceae;g_Treponema	d__Bacteria;p__Spirochaetota;c__Spirochaetia;o__Treponematales;f__Treponemataceae;g__Treponema_D;s__	d__Bacteria;p__Spirochaetota;c__Spirochaetia;o__Treponematales;f__Treponemataceae;g__Treponema_D
MAG_123	k_Archaea;p_Euryarchaeota;n_Methanomada group;c_Methanobacteria;o_Methanobacteriales;f_Methanobacteriaceae;g_Methanobrevibacter	d__Archaea;p__Methanobacteriota;c__Methanobacteria;o__Methanobacteriales;f__Methanobacteriaceae;g__Methanobrevibacter_A;s__	d__Archaea;p__Methanobacteriota;c__Methanobacteria;o__Methanobacteriales;f__Methanobacteriaceae;g__Methanobrevibacter_A
MAG_124	k_Bacteria;n_Terrabacteria group;p_Firmicutes;c_Clostridia;o_Eubacteriales	d__Bacteria;p__Bacillota_A;c__Clostridia;o__Lachnospirales;f__Lachnospiraceae;g__UBA2912;s__	d__Bacteria;p__Bacillota_A;c__Clostridia;o__Lachnospirales;f__Lachnospiraceae;g__Lachnospiraceae (UBA2912)
MAG_125	k_Bacteria;n_Terrabacteria group;p_Firmicutes;c_Clostridia;o_Eubacteriales	d__Bacteria;p__Bacillota_A;c__Clostridia;o__Lachnospirales;f__Lachnospiraceae;g__UBA2912;s__UBA2912 sp902796775	d__Bacteria;p__Bacillota_A;c__Clostridia;o__Lachnospirales;f__Lachnospiraceae;g__UBA2912;s__Lachnospiraceae (UBA2912 sp902796775)
MAG_126	k_Bacteria;n_FCB group;n_Bacteroidetes/Chlorobi group;p_Bacteroidetes;c_Bacteroidia;o_Bacteroidales	d__Bacteria;p__Bacteroidota;c__Bacteroidia;o__Bacteroidales;f__UBA932;g__Cryptobacteroides;s__	d__Bacteria;p__Bacteroidota;c__Bacteroidia;o__Bacteroidales;f__UBA932;g__Cryptobacteroides
MAG_127	k_Bacteria;n_Terrabacteria group;p_Firmicutes;c_Negativicutes;o_Selenomonadales;f_Selenomonadaceae;g_Schwartzia	d__Bacteria;p__Bacillota_C;c__Negativicutes;o__Selenomonadales;f__Selenomonadaceae;g__Schwartzia;s__Schwartzia succinivorans	d__Bacteria;p__Bacillota_C;c__Negativicutes;o__Selenomonadales;f__Selenomonadaceae;g__Schwartzia;s__Schwartzia succinivorans
MAG_128	k_Bacteria;n_FCB group;n_Bacteroidetes/Chlorobi group;p_Bacteroidetes;c_Bacteroidia;o_Bacteroidales;f_Prevotellaceae;g_Prevotella;n_unclassified Prevotella;s_Prevotella sp.	d__Bacteria;p__Bacteroidota;c__Bacteroidia;o__Bacteroidales;f__Bacteroidaceae;g__Prevotella;s__Prevotella sp900316645	d__Bacteria;p__Bacteroidota;c__Bacteroidia;o__Bacteroidales;f__Bacteroidaceae;g__Prevotella;s__Prevotella (sp900316645)
MAG_129	k_Bacteria;n_Terrabacteria group;p_Firmicutes;c_Clostridia;n_unclassified Clostridia;s_Clostridia bacterium	d__Bacteria;p__Bacillota_A;c__Clostridia;o__Christensenellales;f__DTU072;g__CAG-1782;s__	d__Bacteria;p__Bacillota_A;c__Clostridia;o__Christensenellales;f__DTU072;g__Christensenellales (CAG-1782)
MAG_130	k_Bacteria;n_Terrabacteria group;p_Firmicutes;c_Clostridia;n_unclassified Clostridia;s_Clostridia bacterium	d__Bacteria;p__Bacillota_A;c__Clostridia;o__Oscillospirales;f__RGIG8002;g__RGIG8002;s__	d__Bacteria;p__Bacillota_A;c__Clostridia;o__Oscillospirales;f__RGIG8002;g__Oscillospirales (RGIG8002)
MAG_131	k_Bacteria;n_Terrabacteria group;p_Firmicutes;c_Clostridia;o_Eubacteriales;f_Lachnospiraceae	d__Bacteria;p__Bacillota_A;c__Clostridia;o__Lachnospirales;f__Lachnospiraceae;g__Avilachnospira;s__	d__Bacteria;p__Bacillota_A;c__Clostridia;o__Lachnospirales;f__Lachnospiraceae;g__Avilachnospira
MAG_132	k_Bacteria;n_Terrabacteria group;p_Firmicutes;c_Clostridia;o_Eubacteriales;f_Lachnospiraceae	d__Bacteria;p__Bacillota_A;c__Clostridia;o__Lachnospirales;f__Lachnospiraceae;g__CAG-791;s__	d__Bacteria;p__Bacillota_A;c__Clostridia;o__Lachnospirales;f__Lachnospiraceae;g__Lachnospiraceae (CAG-791)
MAG_133	k_Bacteria;n_FCB group;n_Bacteroidetes/Chlorobi group;p_Bacteroidetes;c_Bacteroidia;o_Bacteroidales;f_Prevotellaceae;g_Prevotella	d__Bacteria;p__Bacteroidota;c__Bacteroidia;o__Bacteroidales;f__Bacteroidaceae;g__Prevotella;s__Prevotella sp900100635	d__Bacteria;p__Bacteroidota;c__Bacteroidia;o__Bacteroidales;f__Bacteroidaceae;g__Prevotella;s__Prevotella (sp900100635)
MAG_134	k_Bacteria;n_FCB group;n_Bacteroidetes/Chlorobi group;p_Bacteroidetes;c_Bacteroidia;o_Bacteroidales	d__Bacteria;p__Bacteroidota;c__Bacteroidia;o__Bacteroidales;f__UBA932;g__Cryptobacteroides;s__Cryptobacteroides sp902797035	d__Bacteria;p__Bacteroidota;c__Bacteroidia;o__Bacteroidales;f__UBA932;g__Cryptobacteroides;s__Cryptobacteroides (sp902797035)
MAG_135	k_Bacteria;p_Spirochaetes;c_Spirochaetia;o_Spirochaetales;f_Treponemataceae;g_Treponema;s_Treponema rectale	d__Bacteria;p__Bacillota;c__Bacilli;o__RFN20;f__CAG-288;g__Enterosoma;s__Enterosoma sp900313465	d__Bacteria;p__Bacillota;c__Bacilli;o__RFN20;f__CAG-288;g__Enterosoma;s__Enterosoma (sp900313465)
MAG_136	k_Bacteria;n_FCB group;n_Bacteroidetes/Chlorobi group;p_Bacteroidetes;c_Bacteroidia;o_Bacteroidales;n_unclassified Bacteroidales;s_Bacteroidales bacterium	d__Bacteria;p__Bacteroidota;c__Bacteroidia;o__Bacteroidales;f__UBA932;g__Cryptobacteroides;s__Cryptobacteroides sp017552475	d__Bacteria;p__Bacteroidota;c__Bacteroidia;o__Bacteroidales;f__UBA932;g__Cryptobacteroides;s__Cryptobacteroides (sp017552475)
MAG_137	k_Bacteria;n_FCB group;n_Bacteroidetes/Chlorobi group;p_Bacteroidetes;c_Bacteroidia;o_Bacteroidales;n_unclassified Bacteroidales;s_Bacteroidales bacterium	d__Bacteria;p__Bacteroidota;c__Bacteroidia;o__Bacteroidales;f__WCHB1-69;g__F23-D06;s__	d__Bacteria;p__Bacteroidota;c__Bacteroidia;o__Bacteroidales;f__WCHB1-69;g__Bacteroidales (F23-D06)
MAG_138	k_Bacteria;n_Terrabacteria group;p_Firmicutes;c_Clostridia	d__Bacteria;p__Bacillota_A;c__Clostridia;o__Christensenellales;f__UBA1242;g__UBA4647;s__	d__Bacteria;p__Bacillota_A;c__Clostridia;o__Christensenellales;f__UBA1242;g__Christensenellales (UBA4647)
MAG_139	k_Bacteria;n_FCB group;n_Bacteroidetes/Chlorobi group;p_Bacteroidetes;c_Bacteroidia;o_Bacteroidales;n_unclassified Bacteroidales;s_Bacteroidales bacterium	d__Bacteria;p__Bacteroidota;c__Bacteroidia;o__Bacteroidales;f__P3;g__UBA1217;s__UBA1217 sp002309335	d__Bacteria;p__Bacteroidota;c__Bacteroidia;o__Bacteroidales;f__P3;g__UBA1217;s__Bacteroidales (UBA1217 sp002309335)
MAG_140	k_Bacteria;n_Terrabacteria group;p_Firmicutes;c_Clostridia;o_Eubacteriales	d__Bacteria;p__Bacillota_A;c__Clostridia;o__Lachnospirales;f__Lachnospiraceae;g__Blautia_A;s__	d__Bacteria;p__Bacillota_A;c__Clostridia;o__Lachnospirales;f__Lachnospiraceae;g__Blautia_A
MAG_141	k_Bacteria;n_Terrabacteria group;p_Firmicutes;c_Clostridia;o_Eubacteriales;f_Lachnospiraceae;n_unclassified Lachnospiraceae;s_Lachnospiraceae bacterium	d__Bacteria;p__Bacillota_A;c__Clostridia;o__Lachnospirales;f__Lachnospiraceae;g__Weimeria;s__Weimeria sp900100095	d__Bacteria;p__Bacillota_A;c__Clostridia;o__Lachnospirales;f__Lachnospiraceae;g__Weimeria;s__Weimeria (sp900100095)
MAG_142	k_Bacteria;n_Terrabacteria group;p_Firmicutes	d__Bacteria;p__Bacillota_A;c__Clostridia;o__Peptostreptococcales;f__Anaerovoracaceae;g__Lentihominibacter;s__	d__Bacteria;p__Bacillota_A;c__Clostridia;o__Peptostreptococcales;f__Anaerovoracaceae;g__Lentihominibacter
MAG_143	k_Bacteria;n_Terrabacteria group;p_Firmicutes	d__Bacteria;p__Bacillota_A;c__Clostridia;o__Peptostreptococcales;f__Anaerovoracaceae;g__Lentihominibacter;s__	d__Bacteria;p__Bacillota_A;c__Clostridia;o__Peptostreptococcales;f__Anaerovoracaceae;g__Lentihominibacter
MAG_144	k_Bacteria;n_FCB group;n_Bacteroidetes/Chlorobi group;p_Bacteroidetes;c_Bacteroidia;o_Bacteroidales;n_unclassified Bacteroidales;s_Bacteroidales bacterium	d__Bacteria;p__Bacteroidota;c__Bacteroidia;o__Bacteroidales;f__UBA3824;g__UBA3824;s__UBA3824 sp017394445	d__Bacteria;p__Bacteroidota;c__Bacteroidia;o__Bacteroidales;f__UBA3824;g__UBA3824;s__Bacteroidales (UBA3824 sp017394445)
MAG_145	k_Bacteria;n_FCB group;n_Bacteroidetes/Chlorobi group;p_Bacteroidetes;c_Bacteroidia;o_Bacteroidales;f_Prevotellaceae;g_Prevotella	d__Bacteria;p__Bacteroidota;c__Bacteroidia;o__Bacteroidales;f__Bacteroidaceae;g__Prevotella;s__	d__Bacteria;p__Bacteroidota;c__Bacteroidia;o__Bacteroidales;f__Bacteroidaceae;g__Prevotella
MAG_146	k_Bacteria;p_Synergistetes;c_Synergistia;o_Synergistales;f_Synergistaceae;g_Synergistes;s_Synergistes jonesii	d__Bacteria;p__Synergistota;c__Synergistia;o__Synergistales;f__Synergistaceae;g__Synergistes;s__Synergistes jonesii	d__Bacteria;p__Synergistota;c__Synergistia;o__Synergistales;f__Synergistaceae;g__Synergistes;s__Synergistes jonesii
MAG_147	k_Bacteria;p_Proteobacteria;c_Gammaproteobacteria;o_Pseudomonadales;f_Pseudomonadaceae;g_Pseudomonas	d__Bacteria;p__Pseudomonadota;c__Gammaproteobacteria;o__Pseudomonadales;f__Pseudomonadaceae;g__Pseudomonas_E;s__Pseudomonas_E mendocina	d__Bacteria;p__Pseudomonadota;c__Gammaproteobacteria;o__Pseudomonadales;f__Pseudomonadaceae;g__Pseudomonas_E;s__Pseudomonas_E mendocina
MAG_148	k_Bacteria;n_PVC group;p_Lentisphaerae;c_Lentisphaeria	d__Bacteria;p__Verrucomicrobiota;c__Lentisphaeria;o__Victivallales;f__Victivallaceae;g__UBA1784;s__	d__Bacteria;p__Verrucomicrobiota;c__Lentisphaeria;o__Victivallales;f__Victivallaceae;g__Victivallaceae (UBA1784)
MAG_149	k_Bacteria;n_Terrabacteria group;p_Firmicutes	d__Bacteria;p__Bacillota_A;c__Clostridia;o__Christensenellales;f__UBA1242;g__;s__	d__Bacteria;p__Bacillota_A;c__Clostridia;o__Christensenellales;f__Christensenellales (UBA1242)
MAG_150	k_Bacteria;n_Terrabacteria group;p_Firmicutes	d__Bacteria;p__Bacillota_A;c__Clostridia;o__Peptostreptococcales;f__Anaerovoracaceae;g__Lentihominibacter;s__	d__Bacteria;p__Bacillota_A;c__Clostridia;o__Peptostreptococcales;f__Anaerovoracaceae;g__Lentihominibacter
MAG_151	k_Bacteria;n_Terrabacteria group;p_Firmicutes;c_Clostridia	d__Bacteria;p__Bacillota_A;c__Clostridia;o__Christensenellales;f__CAG-74;g__RUG740;s__	d__Bacteria;p__Bacillota_A;c__Clostridia;o__Christensenellales;f__CAG-74;g__Christensenellales (RUG740)
MAG_152	k_Bacteria;n_Terrabacteria group;p_Firmicutes;c_Clostridia	d__Bacteria;p__Bacillota_A;c__Clostridia;o__Christensenellales;f__CAG-74;g__;s__	d__Bacteria;p__Bacillota_A;c__Clostridia;o__Christensenellales;f__Christensenellales (CAG-74)
MAG_153	k_Bacteria;n_Terrabacteria group;p_Firmicutes;c_Erysipelotrichia;o_Erysipelotrichales;f_Erysipelotrichaceae	d__Bacteria;p__Bacillota;c__Bacilli;o__Erysipelotrichales;f__Erysipelotrichaceae;g__RUG521;s__	d__Bacteria;p__Bacillota;c__Bacilli;o__Erysipelotrichales;f__Erysipelotrichaceae;g__Erysipelotrichaceae (RUG521)
MAG_154	k_Bacteria;p_Proteobacteria;c_Gammaproteobacteria;o_Aeromonadales;f_Succinivibrionaceae;g_Ruminobacter;n_unclassified Ruminobacter;s_Ruminobacter sp.	d__Bacteria;p__Pseudomonadota;c__Gammaproteobacteria;o__Enterobacterales_A;f__Succinivibrionaceae;g__Ruminobacter;s__Ruminobacter sp002309455	d__Bacteria;p__Pseudomonadota;c__Gammaproteobacteria;o__Enterobacterales_A;f__Succinivibrionaceae;g__Ruminobacter;s__Ruminobacter (sp002309455)
MAG_155	k_Bacteria;n_Terrabacteria group;p_Firmicutes;c_Bacilli;o_Lactobacillales;f_Lactobacillaceae;g_Ligilactobacillus;s_Ligilactobacillus salivarius	d__Bacteria;p__Bacillota;c__Bacilli;o__Lactobacillales;f__Lactobacillaceae;g__Ligilactobacillus;s__Ligilactobacillus salivarius	d__Bacteria;p__Bacillota;c__Bacilli;o__Lactobacillales;f__Lactobacillaceae;g__Ligilactobacillus;s__Ligilactobacillus salivarius
MAG_156	k_Bacteria;n_Terrabacteria group;p_Firmicutes;c_Clostridia;n_unclassified Clostridia;s_Clostridia bacterium	d__Bacteria;p__Bacillota_A;c__Clostridia;o__Oscillospirales;f__CAG-272;g__UBA1740;s__	d__Bacteria;p__Bacillota_A;c__Clostridia;o__Oscillospirales;f__CAG-272;g__Oscillospirales (UBA1740)
MAG_157	k_Bacteria;n_FCB group;n_Bacteroidetes/Chlorobi group;p_Bacteroidetes;c_Bacteroidia;o_Bacteroidales;n_unclassified Bacteroidales;s_Bacteroidales bacterium	d__Bacteria;p__Bacteroidota;c__Bacteroidia;o__Bacteroidales;f__UBA932;g__Bact-11;s__Bact-11 sp002309795	d__Bacteria;p__Bacteroidota;c__Bacteroidia;o__Bacteroidales;f__UBA932;g__Bact-11;s__ Bacteroidales (Bact-11 sp002309795)
MAG_158	k_Bacteria;p_Proteobacteria;c_Alphaproteobacteria	d__Bacteria;p__Pseudomonadota;c__Alphaproteobacteria;o__RF32;f__CAG-239;g__CAZU01;s__	d__Bacteria;p__Pseudomonadota;c__Alphaproteobacteria;o__RF32;f__CAG-239;g__Alphaproteobacteria (CAZU01)
MAG_159	k_Bacteria;n_Terrabacteria group;p_Firmicutes;c_Bacilli;o_Lactobacillales;f_Lactobacillaceae;g_Limosilactobacillus	d__Bacteria;p__Bacillota;c__Bacilli;o__Lactobacillales;f__Lactobacillaceae;g__Limosilactobacillus;s__Limosilactobacillus vaginalis	d__Bacteria;p__Bacillota;c__Bacilli;o__Lactobacillales;f__Lactobacillaceae;g__Limosilactobacillus;s__Limosilactobacillus vaginalis
MAG_160	k_Bacteria;n_Terrabacteria group;p_Firmicutes;c_Clostridia	d__Bacteria;p__Bacillota_A;c__Clostridia;o__Oscillospirales;f__UBA644;g__;s__	d__Bacteria;p__Bacillota_A;c__Clostridia;o__Oscillospirales;f__Oscillospirales (UBA644)
MAG_161	k_Bacteria;n_Terrabacteria group;p_Firmicutes;c_Clostridia	d__Bacteria;p__Bacillota_A;c__Clostridia;o__Oscillospirales;f__CAG-272;g__CAG-841;s__	d__Bacteria;p__Bacillota_A;c__Clostridia;o__Oscillospirales;f__CAG-272;g__Oscillospirales (CAG-841)
MAG_162	k_Bacteria;n_Terrabacteria group;p_Firmicutes;c_Clostridia	d__Bacteria;p__Bacillota_A;c__Clostridia;o__Christensenellales;f__CAG-74;g__SFMI01;s__	d__Bacteria;p__Bacillota_A;c__Clostridia;o__Christensenellales;f__CAG-74;g__Christensenellales (SFMI01)
MAG_163	k_Bacteria;p_Synergistetes;c_Synergistia;o_Synergistales;f_Synergistaceae;g_Cloacibacillus	d__Bacteria;p__Synergistota;c__Synergistia;o__Synergistales;f__Synergistaceae;g__Cloacibacillus;s__Cloacibacillus porcorum	d__Bacteria;p__Synergistota;c__Synergistia;o__Synergistales;f__Synergistaceae;g__Cloacibacillus;s__Cloacibacillus porcorum
MAG_164	k_Bacteria;n_FCB group;n_Bacteroidetes/Chlorobi group;p_Bacteroidetes;c_Bacteroidia;o_Bacteroidales	d__Bacteria;p__Bacteroidota;c__Bacteroidia;o__Bacteroidales;f__UBA932;g__Cryptobacteroides;s__Cryptobacteroides sp902795785	d__Bacteria;p__Bacteroidota;c__Bacteroidia;o__Bacteroidales;f__UBA932;g__Cryptobacteroides;s__Cryptobacteroides (sp902795785)
MAG_165	k_Bacteria;n_FCB group;n_Bacteroidetes/Chlorobi group;p_Bacteroidetes;c_Bacteroidia;o_Bacteroidales;f_Prevotellaceae;g_Prevotella	d__Bacteria;p__Bacteroidota;c__Bacteroidia;o__Bacteroidales;f__Bacteroidaceae;g__Prevotella;s__Prevotella sp900543585	d__Bacteria;p__Bacteroidota;c__Bacteroidia;o__Bacteroidales;f__Bacteroidaceae;g__Prevotella;s__Prevotella (sp900543585)
MAG_166	k_Bacteria;n_Terrabacteria group;p_Firmicutes;c_Negativicutes;o_Acidaminococcales;f_Acidaminococcaceae;g_Acidaminococcus;s_Acidaminococcus timonensis	d__Bacteria;p__Bacillota_C;c__Negativicutes;o__Acidaminococcales;f__Acidaminococcaceae;g__Acidaminococcus;s__Acidaminococcus timonensis	d__Bacteria;p__Bacillota_C;c__Negativicutes;o__Acidaminococcales;f__Acidaminococcaceae;g__Acidaminococcus;s__Acidaminococcus timonensis
MAG_167	k_Bacteria;n_FCB group;n_Bacteroidetes/Chlorobi group;p_Bacteroidetes;c_Bacteroidia;o_Bacteroidales;n_unclassified Bacteroidales;s_Bacteroidales bacterium	d__Bacteria;p__Bacteroidota;c__Bacteroidia;o__Bacteroidales;f__UBA932;g__Bact-11;s__Bact-11 sp902773925	d__Bacteria;p__Bacteroidota;c__Bacteroidia;o__Bacteroidales;f__UBA932;g__Bact-11;s__Bacteroidales (Bact-11 sp902773925)
MAG_168	k_Bacteria;n_Terrabacteria group;p_Firmicutes;c_Clostridia;o_Eubacteriales	d__Bacteria;p__Bacillota_A;c__Clostridia;o__Lachnospirales;f__Lachnospiraceae;g__UBA1066;s__UBA1066 sp900315305	d__Bacteria;p__Bacillota_A;c__Clostridia;o__Lachnospirales;f__Lachnospiraceae;g__UBA1066;s__Lachnospiraceae (UBA1066 sp900315305)
MAG_169	k_Bacteria;n_FCB group;n_Bacteroidetes/Chlorobi group;p_Bacteroidetes;c_Bacteroidia;o_Bacteroidales;n_unclassified Bacteroidales;s_Bacteroidales bacterium	d__Bacteria;p__Bacteroidota;c__Bacteroidia;o__Bacteroidales;f__F082;g__Limimorpha;s__Limimorpha sp902774295	d__Bacteria;p__Bacteroidota;c__Bacteroidia;o__Bacteroidales;f__F082;g__Limimorpha;s__Limimorpha (sp902774295)
MAG_170	k_Bacteria;n_FCB group;n_Bacteroidetes/Chlorobi group;p_Bacteroidetes;c_Bacteroidia;o_Bacteroidales	d__Bacteria;p__Bacteroidota;c__Bacteroidia;o__Bacteroidales;f__UBA932;g__Cryptobacteroides;s__	d__Bacteria;p__Bacteroidota;c__Bacteroidia;o__Bacteroidales;f__UBA932;g__Cryptobacteroides
MAG_171	k_Bacteria	d__Bacteria;p__Eremiobacterota;c__CADAWZ01;o__CADAWZ01;f__CADAWZ01;g__JAKSUM01;s__	d__Bacteria;p__Eremiobacterota;c__CADAWZ01;o__CADAWZ01;f__CADAWZ01;g__Eremiobacterota (JAKSUM01)
MAG_172	k_Bacteria;n_Terrabacteria group;p_Firmicutes;c_Bacilli;o_Lactobacillales;f_Lactobacillaceae;g_Lactobacillus;s_Lactobacillus delbrueckii	d__Bacteria;p__Bacillota;c__Bacilli;o__Lactobacillales;f__Lactobacillaceae;g__Lactobacillus;s__Lactobacillus sp944327175	d__Bacteria;p__Bacillota;c__Bacilli;o__Lactobacillales;f__Lactobacillaceae;g__Lactobacillus;s__Lactobacillus delbrueckii
MAG_173	k_Bacteria;n_Terrabacteria group;p_Firmicutes	d__Bacteria;p__Bacillota_A;c__Clostridia;o__Peptostreptococcales;f__Anaerovoracaceae;g__UBA1764;s__	d__Bacteria;p__Bacillota_A;c__Clostridia;o__Peptostreptococcales;f__Anaerovoracaceae;g__Anaerovoracaceae (UBA1764)
MAG_174	k_Bacteria;n_Terrabacteria group;p_Firmicutes;c_Negativicutes;o_Selenomonadales;f_Selenomonadaceae	d__Bacteria;p__Bacillota_C;c__Negativicutes;o__Selenomonadales;f__Selenomonadaceae;g__UBA2913;s__UBA2913 sp002349925	d__Bacteria;p__Bacillota_C;c__Negativicutes;o__Selenomonadales;f__Selenomonadaceae;g__UBA2913;s__Selenomonadaceae (UBA2913 sp002349925)
MAG_175	k_Bacteria;n_Terrabacteria group;p_Firmicutes;c_Clostridia;o_Eubacteriales	d__Bacteria;p__Bacillota_A;c__Clostridia;o__Lachnospirales;f__Lachnospiraceae;g__UBA1066;s__UBA1066 sp900317045	d__Bacteria;p__Bacillota_A;c__Clostridia;o__Lachnospirales;f__Lachnospiraceae;g__UBA1066;s__Lachnospiraceae (UBA1066 sp900317045)
MAG_176	k_Bacteria;n_Terrabacteria group;p_Firmicutes;c_Clostridia;o_Eubacteriales	d__Bacteria;p__Bacillota_A;c__Clostridia;o__Lachnospirales;f__Lachnospiraceae;g__UBA2912;s__	d__Bacteria;p__Bacillota_A;c__Clostridia;o__Lachnospirales;f__Lachnospiraceae;g__Lachnospiraceae (UBA2912)
MAG_177	k_Bacteria	d__Bacteria;p__Bacillota;c__Bacilli;o__Acholeplasmatales;f__Anaeroplasmataceae;g__UBA3206;s__UBA3206 sp002363705	d__Bacteria;p__Bacillota;c__Bacilli;o__Acholeplasmatales;f__Anaeroplasmataceae;g__UBA3206;s__Anaeroplasmataceae (UBA3206 sp002363705)
MAG_178	k_Bacteria;n_Terrabacteria group;p_Firmicutes;c_Clostridia;o_Eubacteriales;f_Oscillospiraceae;g_Pseudoflavonifractor;n_unclassified Pseudoflavonifractor;s_Pseudoflavonifractor sp.	d__Bacteria;p__Bacillota_A;c__Clostridia;o__Oscillospirales;f__Oscillospiraceae;g__Marseille-P3106;s__Marseille-P3106 sp900169975	d__Bacteria;p__Bacillota_A;c__Clostridia;o__Oscillospirales;f__Oscillospiraceae;g__Pseudoflavonifractor;s__Pseudoflavonifractor sp900169975
MAG_179	k_Bacteria;n_Terrabacteria group;p_Firmicutes;c_Clostridia	d__Bacteria;p__Bacillota_A;c__Clostridia;o__Christensenellales;f__CAG-74;g__RUG563;s__	d__Bacteria;p__Bacillota_A;c__Clostridia;o__Christensenellales;f__CAG-74;g__Christensenellales (RUG563)
MAG_180	k_Bacteria;n_FCB group;n_Bacteroidetes/Chlorobi group;p_Bacteroidetes;c_Bacteroidia;o_Bacteroidales;f_Paludibacteraceae	d__Bacteria;p__Bacteroidota;c__Bacteroidia;o__Bacteroidales;f__Paludibacteraceae;g__UBA1723;s__UBA1723 sp002371265	d__Bacteria;p__Bacteroidota;c__Bacteroidia;o__Bacteroidales;f__Paludibacteraceae;g__UBA1723;s__Paludibacteraceae (UBA1723 sp002371265)
MAG_181	k_Bacteria;n_Terrabacteria group;p_Firmicutes;c_Clostridia	d__Bacteria;p__Bacillota_A;c__Clostridia;o__UMGS1883;f__HGM11501;g__HGM11501;s__	d__Bacteria;p__Bacillota_A;c__Clostridia;o__UMGS1883;f__HGM11501;g__Clostridia (HGM11501)
MAG_182	k_Bacteria;n_Terrabacteria group;p_Firmicutes;c_Erysipelotrichia;o_Erysipelotrichales;f_Erysipelotrichaceae;n_unclassified Erysipelotrichaceae;s_Erysipelotrichaceae bacterium	d__Bacteria;p__Bacillota;c__Bacilli;o__Erysipelotrichales;f__Erysipelotrichaceae;g__RUG521;s__RUG521 sp900319675	d__Bacteria;p__Bacillota;c__Bacilli;o__Erysipelotrichales;f__Erysipelotrichaceae;g__RUG521;s__Erysipelotrichaceae (RUG521 sp900319675)
MAG_183	k_Bacteria;n_FCB group;n_Bacteroidetes/Chlorobi group;p_Bacteroidetes;c_Bacteroidia;o_Bacteroidales;f_Bacteroidaceae;g_Phocaeicola;n_unclassified Phocaeicola;s_Phocaeicola sp.	d__Bacteria;p__Bacteroidota;c__Bacteroidia;o__Bacteroidales;f__Bacteroidaceae;g__Phocaeicola;s__	d__Bacteria;p__Bacteroidota;c__Bacteroidia;o__Bacteroidales;f__Bacteroidaceae;g__Phocaeicola
MAG_184	k_Bacteria;n_FCB group;n_Bacteroidetes/Chlorobi group;p_Bacteroidetes;c_Bacteroidia;o_Bacteroidales	d__Bacteria;p__Bacteroidota;c__Bacteroidia;o__Bacteroidales;f__P3;g__UBA1711;s__UBA1711 sp900317285	d__Bacteria;p__Bacteroidota;c__Bacteroidia;o__Bacteroidales;f__P3;g__UBA1711;s__Bacteroidales (UBA1711 sp900317285)
MAG_185	k_Bacteria;n_Terrabacteria group;p_Firmicutes;c_Clostridia	d__Bacteria;p__Bacillota_A;c__Clostridia;o__Oscillospirales;f__CAG-382;g__UBA1206;s__	d__Bacteria;p__Bacillota_A;c__Clostridia;o__Oscillospirales;f__CAG-382;g__Oscillospirales (UBA1206)
MAG_186	k_Bacteria;n_Terrabacteria group;p_Firmicutes;c_Clostridia;o_Eubacteriales;f_Oscillospiraceae;g_Ruminococcus	d__Bacteria;p__Bacillota_A;c__Clostridia;o__Oscillospirales;f__Ruminococcaceae;g__Ruminococcus;s__	d__Bacteria;p__Bacillota_A;c__Clostridia;o__Oscillospirales;f__Ruminococcaceae;g__Ruminococcus
MAG_187	k_Bacteria;p_Elusimicrobia;c_Elusimicrobia;o_Elusimicrobiales;f_Elusimicrobiaceae	d__Bacteria;p__Elusimicrobiota;c__Elusimicrobia;o__Elusimicrobiales;f__Elusimicrobiaceae;g__UBA1436;s__	d__Bacteria;p__Elusimicrobiota;c__Elusimicrobia;o__Elusimicrobiales;f__Elusimicrobiaceae;g__Elusimicrobiaceae (UBA1436)
MAG_188	k_Bacteria;p_Spirochaetes;c_Spirochaetia;o_Spirochaetales;f_Treponemataceae;g_Treponema	d__Bacteria;p__Spirochaetota;c__Spirochaetia;o__Treponematales;f__Treponemataceae;g__Treponema_D;s__Treponema_D sp016286535	d__Bacteria;p__Spirochaetota;c__Spirochaetia;o__Treponematales;f__Treponemataceae;g__Treponema_D;s__Treponema_D (sp016286535)
MAG_189	k_Bacteria;n_Terrabacteria group;p_Firmicutes;c_Clostridia;o_Eubacteriales;n_Eubacteriales incertae sedis;g_Intestinimonas	d__Bacteria;p__Bacillota_A;c__Clostridia;o__Oscillospirales;f__Oscillospiraceae;g__Intestinimonas;s__Intestinimonas butyriciproducens	d__Bacteria;p__Bacillota_A;c__Clostridia;o__Oscillospirales;f__Oscillospiraceae;g__Intestinimonas;s__Intestinimonas butyriciproducens
MAG_190	k_Bacteria;n_FCB group;n_Bacteroidetes/Chlorobi group;p_Bacteroidetes;c_Bacteroidia;o_Bacteroidales;n_unclassified Bacteroidales;s_Bacteroidales bacterium	d__Bacteria;p__Bacteroidota;c__Bacteroidia;o__Bacteroidales;f__UBA1402;g__UBA1757;s__UBA1757 sp017446025	d__Bacteria;p__Bacteroidota;c__Bacteroidia;o__Bacteroidales;f__UBA1402;g__UBA1757;s__Bacteroidales (UBA1757 sp017446025)
MAG_191	k_Bacteria;n_FCB group;n_Bacteroidetes/Chlorobi group;p_Bacteroidetes;c_Bacteroidia;o_Bacteroidales	d__Bacteria;p__Bacillota;c__Bacilli;o__RFN20;f__CAG-826;g__UBA2450;s__UBA2450 sp902800355	d__Bacteria;p__Bacillota;c__Bacilli;o__RFN20;f__CAG-826;g__UBA2450;s__Bacilli (UBA2450 sp902800355)
MAG_192	k_Bacteria;n_FCB group;n_Bacteroidetes/Chlorobi group;p_Bacteroidetes;c_Bacteroidia;o_Bacteroidales;n_unclassified Bacteroidales;s_Bacteroidales bacterium	d__Bacteria;p__Bacteroidota;c__Bacteroidia;o__Bacteroidales;f__WCHB1-69;g__UBA1195;s__UBA1195 sp902774175	d__Bacteria;p__Bacteroidota;c__Bacteroidia;o__Bacteroidales;f__WCHB1-69;g__UBA1195;s__Bacteroidales (UBA1195 sp902774175)
MAG_193	k_Bacteria;n_Terrabacteria group;p_Firmicutes;c_Clostridia;o_Eubacteriales;f_Oscillospiraceae	d__Bacteria;p__Bacillota_A;c__Clostridia;o__Oscillospirales;f__Oscillospiraceae;g__Intestinimonas;s__Intestinimonas massiliensis	d__Bacteria;p__Bacillota_A;c__Clostridia;o__Oscillospirales;f__Oscillospiraceae;g__Intestinimonas;s__Intestinimonas massiliensis
MAG_194	k_Bacteria;n_Terrabacteria group;p_Firmicutes	d__Bacteria;p__Bacillota_A;c__Clostridia;o__Peptostreptococcales;f__Anaerovoracaceae;g__RUG100;s__RUG100 sp900315555	d__Bacteria;p__Bacillota_A;c__Clostridia;o__Peptostreptococcales;f__Anaerovoracaceae;g__RUG100;s__Anaerovoracaceae (RUG100 sp900315555)
MAG_195	k_Bacteria;n_FCB group;n_Bacteroidetes/Chlorobi group;p_Bacteroidetes;c_Bacteroidia;o_Bacteroidales;n_unclassified Bacteroidales;s_Bacteroidales bacterium	d__Bacteria;p__Bacteroidota;c__Bacteroidia;o__Bacteroidales;f__P3;g__UBA1711;s__UBA1711 sp902790215	d__Bacteria;p__Bacteroidota;c__Bacteroidia;o__Bacteroidales;f__P3;g__UBA1711;s__Bacteroidales (UBA1711 sp902790215)
MAG_196	k_Bacteria;n_Terrabacteria group;p_Firmicutes	d__Bacteria;p__Bacillota;c__Bacilli;o__Erysipelotrichales;f__Erysipelotrichaceae;g__Bulleidia;s__Bulleidia massiliensis	d__Bacteria;p__Bacillota;c__Bacilli;o__Erysipelotrichales;f__Erysipelotrichaceae;g__Bulleidia;s__Bulleidia massiliensis
MAG_197	k_Bacteria;n_Terrabacteria group;p_Firmicutes;c_Clostridia	d__Bacteria;p__Bacillota_A;c__Clostridia;o__Christensenellales;f__UBA1242;g__UBA4647;s__	d__Bacteria;p__Bacillota_A;c__Clostridia;o__Christensenellales;f__UBA1242;g__Christensenellales (UBA4647)
MAG_198	k_Bacteria;n_FCB group;n_Bacteroidetes/Chlorobi group;p_Bacteroidetes;c_Bacteroidia;o_Bacteroidales	d__Bacteria;p__Bacteroidota;c__Bacteroidia;o__Bacteroidales;f__Bacteroidaceae;g__UBA6398;s__UBA6398 sp900314335	d__Bacteria;p__Bacteroidota;c__Bacteroidia;o__Bacteroidales;f__Bacteroidaceae;g__UBA6398;s__Bacteroidaceae (UBA6398 sp900314335)
MAG_199	k_Bacteria;n_FCB group;n_Bacteroidetes/Chlorobi group;p_Bacteroidetes;c_Bacteroidia;o_Bacteroidales	d__Bacteria;p__Bacteroidota;c__Bacteroidia;o__Bacteroidales;f__UBA932;g__Cryptobacteroides;s__Cryptobacteroides sp902774045	d__Bacteria;p__Bacteroidota;c__Bacteroidia;o__Bacteroidales;f__UBA932;g__Cryptobacteroides;s__Cryptobacteroides (sp902774045)
MAG_200	k_Bacteria;n_Terrabacteria group;p_Firmicutes;c_Clostridia	d__Bacteria;p__Bacillota_A;c__Clostridia;o__TANB77;f__UBA1234;g__RGIG4465;s__	d__Bacteria;p__Bacillota_A;c__Clostridia;o__TANB77;f__UBA1234;g__Clostridia (RGIG4465)
MAG_201	k_Bacteria;n_FCB group;n_Bacteroidetes/Chlorobi group;p_Bacteroidetes;c_Bacteroidia;o_Bacteroidales;f_Prevotellaceae;g_Prevotella	d__Bacteria;p__Bacteroidota;c__Bacteroidia;o__Bacteroidales;f__Bacteroidaceae;g__Prevotella;s__	d__Bacteria;p__Bacteroidota;c__Bacteroidia;o__Bacteroidales;f__Bacteroidaceae;g__Prevotella
MAG_202	k_Bacteria;p_Spirochaetes;c_Spirochaetia;o_Spirochaetales;f_Treponemataceae;g_Treponema;s_Treponema zioleckii	d__Bacteria;p__Spirochaetota;c__Spirochaetia;o__Treponematales;f__Treponemataceae;g__Treponema_D;s__Treponema_D zioleckii	d__Bacteria;p__Spirochaetota;c__Spirochaetia;o__Treponematales;f__Treponemataceae;g__Treponema_D;s__Treponema_D zioleckii
MAG_203	k_Bacteria;n_Terrabacteria group;p_Firmicutes	d__Bacteria;p__Bacillota;c__Bacilli;o__ML615J-28;f__CAG-698;g__CAG-698;s__	d__Bacteria;p__Bacillota;c__Bacilli;o__ML615J-28;f__CAG-698;g__Bacilli (CAG-698)
MAG_204	k_Bacteria;n_Terrabacteria group;p_Firmicutes	d__Bacteria;p__Bacillota_A;c__Clostridia;o__Peptostreptococcales;f__Anaerovoracaceae;g__;s__	d__Bacteria;p__Bacillota_A;c__Clostridia;o__Peptostreptococcales;f__Anaerovoracaceae
MAG_205	k_Bacteria;n_Terrabacteria group;p_Firmicutes;c_Erysipelotrichia;o_Erysipelotrichales;f_Erysipelotrichaceae;g_Absicoccus;s_Absicoccus porci	d__Bacteria;p__Bacillota;c__Bacilli;o__Erysipelotrichales;f__Erysipelotrichaceae;g__Absicoccus;s__Absicoccus porci	d__Bacteria;p__Bacillota;c__Bacilli;o__Erysipelotrichales;f__Erysipelotrichaceae;g__Absicoccus;s__Absicoccus porci
MAG_206	k_Bacteria;n_Terrabacteria group;p_Firmicutes;c_Clostridia;o_Eubacteriales;f_Oscillospiraceae;g_Ruminococcus	d__Bacteria;p__Bacillota_A;c__Clostridia;o__Oscillospirales;f__Acutalibacteraceae;g__Ruminococcus_E;s__	d__Bacteria;p__Bacillota_A;c__Clostridia;o__Oscillospirales;f__Acutalibacteraceae;g__Ruminococcus_E
MAG_207	k_Bacteria;n_FCB group;n_Bacteroidetes/Chlorobi group;p_Bacteroidetes;c_Bacteroidia;o_Bacteroidales;n_unclassified Bacteroidales;s_Bacteroidales bacterium	d__Bacteria;p__Bacteroidota;c__Bacteroidia;o__Bacteroidales;f__F082;g__Limimorpha;s__	d__Bacteria;p__Bacteroidota;c__Bacteroidia;o__Bacteroidales;f__F082;g__Limimorpha
MAG_208	k_Bacteria;n_Terrabacteria group;p_Firmicutes;c_Clostridia;o_Eubacteriales;f_Oscillospiraceae	d__Bacteria;p__Bacillota_A;c__Clostridia;o__Oscillospirales;f__CAG-272;g__UMGS1865;s__	d__Bacteria;p__Bacillota_A;c__Clostridia;o__Oscillospirales;f__CAG-272;g__Oscillospirales (UMGS1865)
MAG_209	k_Bacteria;p_Proteobacteria;n_delta/epsilon subdivisions;c_Deltaproteobacteria;o_Desulfovibrionales;f_Desulfovibrionaceae;g_Desulfovibrio;n_unclassified Desulfovibrio;s_Desulfovibrio sp.	d__Bacteria;p__Desulfobacterota;c__Desulfovibrionia;o__Desulfovibrionales;f__Desulfovibrionaceae;g__Desulfovibrio;s__Desulfovibrio sp900319575	d__Bacteria;p__Desulfobacterota;c__Desulfovibrionia;o__Desulfovibrionales;f__Desulfovibrionaceae;g__Desulfovibrio;s__Desulfovibrio (sp900319575)
MAG_210	k_Bacteria;n_Terrabacteria group;p_Firmicutes;c_Clostridia;o_Eubacteriales;f_Oscillospiraceae	d__Bacteria;p__Bacillota_A;c__Clostridia;o__Oscillospirales;f__Oscillospiraceae;g__Limivicinus;s__	d__Bacteria;p__Bacillota_A;c__Clostridia;o__Oscillospirales;f__Oscillospiraceae;g__Limivicinus;s__
MAG_211	k_Bacteria;p_Proteobacteria;c_Gammaproteobacteria;o_Pseudomonadales;f_Pseudomonadaceae;g_Pseudomonas	d__Bacteria;p__Pseudomonadota;c__Gammaproteobacteria;o__Pseudomonadales;f__Pseudomonadaceae;g__Halopseudomonas;s__Halopseudomonas phragmitis	d__Bacteria;p__Pseudomonadota;c__Gammaproteobacteria;o__Pseudomonadales;f__Pseudomonadaceae;g__Halopseudomonas;s__Halopseudomonas phragmitis
MAG_212	k_Bacteria;p_Proteobacteria;c_Betaproteobacteria;o_Burkholderiales;f_Sutterellaceae	d__Bacteria;p__Pseudomonadota;c__Gammaproteobacteria;o__Burkholderiales;f__Burkholderiaceae_A;g__Mesosutterella;s__Mesosutterella multiformis	d__Bacteria;p__Pseudomonadota;c__Gammaproteobacteria;o__Burkholderiales;f__Burkholderiaceae_A;g__Mesosutterella;s__Mesosutterella multiformis
MAG_213	k_Bacteria;n_Terrabacteria group;p_Firmicutes	d__Bacteria;p__Bacillota_A;c__Clostridia;o__Lachnospirales;f__Lachnospiraceae;g__XBB1006;s__XBB1006 sp024680055	d__Bacteria;p__Bacillota_A;c__Clostridia;o__Lachnospirales;f__Lachnospiraceae;g__XBB1006;s__Lachnospiraceae (XBB1006 sp024680055)
MAG_214	k_Bacteria;n_FCB group;n_Bacteroidetes/Chlorobi group;p_Bacteroidetes;c_Bacteroidia;o_Bacteroidales	d__Bacteria;p__Bacteroidota;c__Bacteroidia;o__Bacteroidales;f__P3;g__UBA1217;s__	d__Bacteria;p__Bacteroidota;c__Bacteroidia;o__Bacteroidales;f__P3;g__Bacteroidales (UBA1217)
MAG_215	k_Bacteria;n_FCB group;n_Bacteroidetes/Chlorobi group;p_Bacteroidetes;c_Bacteroidia;o_Bacteroidales;n_unclassified Bacteroidales;s_Bacteroidales bacterium	d__Bacteria;p__Bacteroidota;c__Bacteroidia;o__Bacteroidales;f__WCHB1-69;g__F23-D06;s__F23-D06 sp017443175	d__Bacteria;p__Bacteroidota;c__Bacteroidia;o__Bacteroidales;f__WCHB1-69;g__F23-D06;s__Bacteroidales (F23-D06 sp017443175)
MAG_216	k_Bacteria;n_Terrabacteria group;p_Firmicutes;c_Clostridia;o_Eubacteriales;f_Oscillospiraceae;n_unclassified Oscillospiraceae;s_Oscillospiraceae bacterium	d__Bacteria;p__Bacillota_A;c__Clostridia;o__RUG12999;f__RUG12999;g__RUG12999;s__RUG12999 sp902784685	d__Bacteria;p__Bacillota_A;c__Clostridia;o__Eubacteriales;f__Oscillospiraceae;g__unclassified Oscillospiraceae
MAG_217	k_Bacteria;n_Terrabacteria group;p_Firmicutes;c_Clostridia;o_Eubacteriales	d__Bacteria;p__Bacillota_A;c__Clostridia;o__Lachnospirales;f__Lachnospiraceae;g__UBA1066;s__	d__Bacteria;p__Bacillota_A;c__Clostridia;o__Lachnospirales;f__Lachnospiraceae;g__Lachnospiraceae (UBA1066)
MAG_218	k_Bacteria;n_Terrabacteria group;p_Firmicutes;c_Clostridia	d__Bacteria;p__Bacillota_A;c__Clostridia;o__TANB77;f__UBA1234;g__HGM13618;s__	d__Bacteria;p__Bacillota_A;c__Clostridia;o__TANB77;f__UBA1234;g__Clostridia (HGM13618)
MAG_219	k_Bacteria;n_FCB group;n_Bacteroidetes/Chlorobi group;p_Bacteroidetes;c_Bacteroidia;o_Bacteroidales;n_unclassified Bacteroidales;s_Bacteroidales bacterium	d__Bacteria;p__Bacteroidota;c__Bacteroidia;o__Bacteroidales;f__UBA932;g__Cryptobacteroides;s__Cryptobacteroides sp900319405	d__Bacteria;p__Bacteroidota;c__Bacteroidia;o__Bacteroidales;f__UBA932;g__Cryptobacteroides;s__Cryptobacteroides (sp900319405)
MAG_220	k_Bacteria;n_FCB group;n_Bacteroidetes/Chlorobi group;p_Bacteroidetes;c_Bacteroidia;o_Bacteroidales;f_Prevotellaceae;g_Prevotella	d__Bacteria;p__Bacteroidota;c__Bacteroidia;o__Bacteroidales;f__Bacteroidaceae;g__Prevotella;s__	d__Bacteria;p__Bacteroidota;c__Bacteroidia;o__Bacteroidales;f__Bacteroidaceae;g__Prevotella
MAG_221	k_Bacteria;n_Terrabacteria group;p_Firmicutes;c_Clostridia	d__Bacteria;p__Bacillota_A;c__Clostridia;o__Oscillospirales;f__Acutalibacteraceae;g__UBA737;s__	d__Bacteria;p__Bacillota_A;c__Clostridia;o__Oscillospirales;f__Acutalibacteraceae;g__Acutalibacteraceae (UBA737)
MAG_222	k_Bacteria;n_Terrabacteria group;p_Firmicutes;n_unclassified Firmicutes sensu stricto;s_Firmicutes bacterium	d__Bacteria;p__Bacillota_A;c__Clostridia;o__Peptostreptococcales;f__Anaerovoracaceae;g__RUG14258;s__	d__Bacteria;p__Bacillota_A;c__Clostridia;o__Peptostreptococcales;f__Anaerovoracaceae;g__Anaerovoracaceae (RUG14258)
MAG_223	k_Bacteria;n_Terrabacteria group;p_Firmicutes;c_Clostridia;o_Eubacteriales;f_Oscillospiraceae;n_unclassified Oscillospiraceae;s_Oscillospiraceae bacterium	d__Bacteria;p__Bacillota_A;c__Clostridia;o__Oscillospirales;f__Oscillospiraceae;g__Limivicinus;s__Limivicinus sp900317375	d__Bacteria;p__Bacillota_A;c__Clostridia;o__Oscillospirales;f__Oscillospiraceae;g__Limivicinus;s__Limivicinus (sp900317375)
MAG_224	k_Bacteria;n_Terrabacteria group;p_Firmicutes;c_Clostridia	d__Bacteria;p__Bacillota_A;c__Clostridia;o__Oscillospirales;f__CAG-272;g__CAG-272;s__	d__Bacteria;p__Bacillota_A;c__Clostridia;o__Oscillospirales;f__CAG-272;g__Oscillospirales (CAG-272)
MAG_225	k_Bacteria;p_Proteobacteria;n_delta/epsilon subdivisions;c_Deltaproteobacteria;o_Desulfovibrionales;f_Desulfovibrionaceae;g_Mailhella	d__Bacteria;p__Desulfobacterota;c__Desulfovibrionia;o__Desulfovibrionales;f__Desulfovibrionaceae;g__Mailhella;s__	d__Bacteria;p__Desulfobacterota;c__Desulfovibrionia;o__Desulfovibrionales;f__Desulfovibrionaceae;g__Mailhella
MAG_226	k_Bacteria;n_PVC group;p_Planctomycetes;c_Planctomycetia;o_Pirellulales;f_Thermoguttaceae;n_unclassified Thermoguttaceae;s_Thermoguttaceae bacterium	d__Bacteria;p__Planctomycetota;c__Planctomycetia;o__Pirellulales;f__Thermoguttaceae;g__RUG11551;s__	d__Bacteria;p__Planctomycetota;c__Planctomycetia;o__Pirellulales;f__Thermoguttaceae;g__Thermoguttaceae (RUG11551)
MAG_227	k_Bacteria;n_Terrabacteria group;p_Firmicutes;c_Clostridia;o_Eubacteriales;n_Eubacteriales incertae sedis;f_Eubacteriales Family XIII. Incertae Sedis;g_Mogibacterium	d__Bacteria;p__Bacillota_A;c__Clostridia;o__Peptostreptococcales;f__Anaerovoracaceae;g__RUG099;s__	d__Bacteria;p__Bacillota_A;c__Clostridia;o__Peptostreptococcales;f__Anaerovoracaceae;g__Anaerovoracaceae (RUG099)
MAG_228	k_Bacteria;n_Terrabacteria group;p_Firmicutes;c_Bacilli;o_Lactobacillales;f_Lactobacillaceae;g_Lentilactobacillus	d__Bacteria;p__Bacillota;c__Bacilli;o__Lactobacillales;f__Lactobacillaceae;g__Lentilactobacillus;s__Lentilactobacillus buchneri	d__Bacteria;p__Bacillota;c__Bacilli;o__Lactobacillales;f__Lactobacillaceae;g__Lentilactobacillus;s__Lentilactobacillus buchneri
MAG_229	k_Bacteria;n_Terrabacteria group;p_Firmicutes;c_Clostridia;o_Eubacteriales;f_Lachnospiraceae;g_Butyrivibrio	d__Bacteria;p__Bacillota_A;c__Clostridia;o__Lachnospirales;f__Lachnospiraceae;g__Butyrivibrio;s__Butyrivibrio hungatei	d__Bacteria;p__Bacillota_A;c__Clostridia;o__Lachnospirales;f__Lachnospiraceae;g__Butyrivibrio;s__Butyrivibrio hungatei
MAG_230	k_Bacteria;n_Terrabacteria group;p_Firmicutes;c_Negativicutes;o_Veillonellales;f_Veillonellaceae;g_Dialister	d__Bacteria;p__Bacillota_C;c__Negativicutes;o__Veillonellales;f__Dialisteraceae;g__Dialister;s__Dialister sp002320515	d__Bacteria;p__Bacillota_C;c__Negativicutes;o__Veillonellales;f__Dialisteraceae;g__Dialister;s__Dialister (sp002320515)
MAG_231	k_Bacteria;n_Terrabacteria group;p_Firmicutes;c_Erysipelotrichia;o_Erysipelotrichales;f_Erysipelotrichaceae	d__Bacteria;p__Bacillota;c__Bacilli;o__Erysipelotrichales;f__Erysipelotrichaceae;g__;s__	d__Bacteria;p__Bacillota;c__Bacilli;o__Erysipelotrichales;f__Erysipelotrichaceae
MAG_232	k_Bacteria;n_Terrabacteria group;p_Firmicutes;c_Clostridia;o_Eubacteriales;f_Lachnospiraceae	d__Bacteria;p__Bacillota_A;c__Clostridia;o__Lachnospirales;f__Lachnospiraceae;g__VSOB01;s__	d__Bacteria;p__Bacillota_A;c__Clostridia;o__Lachnospirales;f__Lachnospiraceae;g__Lachnospiraceae (VSOB01)
MAG_233	k_Bacteria;n_Terrabacteria group;p_Firmicutes;c_Bacilli;o_Lactobacillales;f_Lactobacillaceae;g_Lactobacillus;s_Lactobacillus crispatus	d__Bacteria;p__Bacillota;c__Bacilli;o__Lactobacillales;f__Lactobacillaceae;g__Lactobacillus;s__Lactobacillus crispatus	d__Bacteria;p__Bacillota;c__Bacilli;o__Lactobacillales;f__Lactobacillaceae;g__Lactobacillus;s__Lactobacillus crispatus
MAG_234	k_Bacteria	d__Bacteria;p__Eremiobacterota;c__Xenobia;o__Xenobiales;f__Xenobiaceae;g__;s__	d__Bacteria;p__Eremiobacterota;c__Xenobia;o__Xenobiales;f__Xenobiaceae
MAG_235	k_Archaea;p_Euryarchaeota;n_Methanomada group;c_Methanobacteria;o_Methanobacteriales;f_Methanobacteriaceae;g_Methanobrevibacter	d__Archaea;p__Methanobacteriota;c__Methanobacteria;o__Methanobacteriales;f__Methanobacteriaceae;g__Methanobrevibacter;s__	d__Archaea;p__Methanobacteriota;c__Methanobacteria;o__Methanobacteriales;f__Methanobacteriaceae;g__Methanobrevibacter
MAG_236	k_Bacteria;n_Terrabacteria group;p_Firmicutes	d__Bacteria;p__Bacillota;c__Bacilli;o__Erysipelotrichales;f__Erysipelotrichaceae;g__Bulleidia;s__Bulleidia timonensis	d__Bacteria;p__Bacillota;c__Bacilli;o__Erysipelotrichales;f__Erysipelotrichaceae;g__Bulleidia;s__Bulleidia timonensis
MAG_237	k_Bacteria;n_Terrabacteria group;p_Firmicutes;c_Clostridia;o_Eubacteriales;n_unclassified Eubacteriales;s_Clostridiales bacterium	d__Bacteria;p__Bacillota_A;c__Clostridia;o__Christensenellales;f__CAG-74;g__RUG563;s__	d__Bacteria;p__Bacillota_A;c__Clostridia;o__Christensenellales;f__CAG-74;g__Christensenellales (RUG563)
MAG_238	k_Bacteria;n_Terrabacteria group;p_Firmicutes;c_Bacilli;o_Lactobacillales;f_Lactobacillaceae;g_Limosilactobacillus	d__Bacteria;p__Bacillota;c__Bacilli;o__Lactobacillales;f__Lactobacillaceae;g__Limosilactobacillus;s__Limosilactobacillus mucosae	d__Bacteria;p__Bacillota;c__Bacilli;o__Lactobacillales;f__Lactobacillaceae;g__Limosilactobacillus;s__Limosilactobacillus mucosae
MAG_239	k_Bacteria;n_Terrabacteria group;p_Firmicutes	d__Bacteria;p__Bacillota;c__Bacilli;o__RF39;f__UBA660;g__UMGS1613;s__	d__Bacteria;p__Bacillota;c__Bacilli;o__RF39;f__UBA660;g__Bacilli (UMGS1613)
MAG_240	k_Bacteria;n_Terrabacteria group;p_Firmicutes;c_Clostridia;o_Eubacteriales	d__Bacteria;p__Bacillota_A;c__Clostridia;o__Lachnospirales;f__Lachnospiraceae;g__UBA2912;s__UBA2912 sp900317095	d__Bacteria;p__Bacillota_A;c__Clostridia;o__Lachnospirales;f__Lachnospiraceae;g__UBA2912;s__Lachnospiraceae (UBA2912 sp900317095)
MAG_241	k_Bacteria;n_PVC group;p_Lentisphaerae;c_Lentisphaeria	d__Bacteria;p__Verrucomicrobiota;c__Lentisphaeria;o__Victivallales;f__UBA1829;g__SIG77;s__	d__Bacteria;p__Verrucomicrobiota;c__Lentisphaeria;o__Victivallales;f__UBA1829;g__Victivallales (SIG77)
MAG_242	k_Bacteria;n_Terrabacteria group;p_Firmicutes;c_Clostridia;o_Eubacteriales;f_Lachnospiraceae;g_Lachnospira	d__Bacteria;p__Bacillota_A;c__Clostridia;o__Lachnospirales;f__Lachnospiraceae;g__Lachnospira;s__Lachnospira multipara	d__Bacteria;p__Bacillota_A;c__Clostridia;o__Lachnospirales;f__Lachnospiraceae;g__Lachnospira;s__Lachnospira multipara
MAG_243	k_Bacteria;n_FCB group;n_Bacteroidetes/Chlorobi group;p_Bacteroidetes;c_Bacteroidia;o_Bacteroidales;f_Prevotellaceae;g_Prevotella	d__Bacteria;p__Bacteroidota;c__Bacteroidia;o__Bacteroidales;f__Bacteroidaceae;g__Prevotella;s__	d__Bacteria;p__Bacteroidota;c__Bacteroidia;o__Bacteroidales;f__Bacteroidaceae;g__Prevotella
MAG_244	k_Bacteria;p_Synergistetes;c_Synergistia;o_Synergistales;f_Synergistaceae;g_Pyramidobacter	d__Bacteria;p__Synergistota;c__Synergistia;o__Synergistales;f__Dethiosulfovibrionaceae;g__Pyramidobacter;s__Pyramidobacter sp002007215	d__Bacteria;p__Synergistota;c__Synergistia;o__Synergistales;f__Dethiosulfovibrionaceae;g__Pyramidobacter;s__Pyramidobacter (sp002007215)
MAG_245	k_Bacteria;n_Terrabacteria group;p_Firmicutes	d__Bacteria;p__Bacillota;c__Bacilli;o__ML615J-28;f__CAG-698;g__Tener-01;s__	d__Bacteria;p__Bacillota;c__Bacilli;o__ML615J-28;f__CAG-698;g__Bacilli (Tener-01)
MAG_246	k_Bacteria;n_Terrabacteria group;p_Firmicutes;c_Clostridia;o_Eubacteriales;f_Oscillospiraceae;g_Ruminococcus	d__Bacteria;p__Bacillota_A;c__Clostridia;o__Oscillospirales;f__Ruminococcaceae;g__Ruminococcus_D;s__Ruminococcus_D sp024692365	d__Bacteria;p__Bacillota_A;c__Clostridia;o__Oscillospirales;f__Ruminococcaceae;g__Ruminococcus_D;s__Ruminococcus_D (sp024692365)
MAG_247	k_Bacteria;n_Terrabacteria group;p_Firmicutes;c_Clostridia	d__Bacteria;p__Bacillota_A;c__Clostridia;o__Christensenellales;f__CAG-74;g__UBA2943;s__UBA2943 sp902774025	d__Bacteria;p__Bacillota_A;c__Clostridia;o__Christensenellales;f__CAG-74;g__UBA2943;s__Christensenellales (UBA2943 sp902774025)
MAG_248	k_Bacteria;n_FCB group;n_Bacteroidetes/Chlorobi group;p_Bacteroidetes;c_Bacteroidia;o_Bacteroidales;n_unclassified Bacteroidales;s_Bacteroidales bacterium	d__Bacteria;p__Bacteroidota;c__Bacteroidia;o__Bacteroidales;f__F082;g__Limimorpha;s__	d__Bacteria;p__Bacteroidota;c__Bacteroidia;o__Bacteroidales;f__F082;g__Limimorpha
MAG_249	k_Bacteria;n_FCB group;n_Bacteroidetes/Chlorobi group;p_Bacteroidetes;c_Bacteroidia;o_Bacteroidales;f_Muribaculaceae;n_unclassified Muribaculaceae;s_Muribaculaceae bacterium	d__Bacteria;p__Bacteroidota;c__Bacteroidia;o__Bacteroidales;f__Muribaculaceae;g__Sodaliphilus;s__Sodaliphilus sp902776435	d__Bacteria;p__Bacteroidota;c__Bacteroidia;o__Bacteroidales;f__Muribaculaceae;g__Sodaliphilus;s__Sodaliphilus (sp902776435)
MAG_250	k_Bacteria;n_FCB group;n_Bacteroidetes/Chlorobi group;p_Bacteroidetes;c_Bacteroidia;o_Bacteroidales;n_unclassified Bacteroidales;s_Bacteroidales bacterium	d__Bacteria;p__Bacteroidota;c__Bacteroidia;o__Bacteroidales;f__UBA932;g__Cryptobacteroides;s__	d__Bacteria;p__Bacteroidota;c__Bacteroidia;o__Bacteroidales;f__UBA932;g__Cryptobacteroides
MAG_251	k_Bacteria;p_Proteobacteria;c_Alphaproteobacteria;n_unclassified Alphaproteobacteria;s_Alphaproteobacteria bacterium	d__Bacteria;p__Pseudomonadota;c__Alphaproteobacteria;o__Rs-D84;f__Rs-D84;g__Enterousia;s__Enterousia sp024402815	d__Bacteria;p__Pseudomonadota;c__Alphaproteobacteria;o__Rs-D84;f__Rs-D84;g__Enterousia;s__Enterousia (sp024402815)
MAG_252	k_Bacteria;n_FCB group;n_Bacteroidetes/Chlorobi group;p_Bacteroidetes;c_Bacteroidia;o_Bacteroidales;n_unclassified Bacteroidales;s_Bacteroidales bacterium	d__Bacteria;p__Bacteroidota;c__Bacteroidia;o__Bacteroidales;f__WCHB1-69;g__UBA1756;s__UBA1756 sp017535665	d__Bacteria;p__Bacteroidota;c__Bacteroidia;o__Bacteroidales;f__WCHB1-69;g__UBA1756;s__Bacteroidales (UBA1756 sp017535665)
MAG_253	k_Bacteria	d__Bacteria;p__Bacillota_A;c__Clostridia;o__Christensenellales;f__DTU072;g__CAG-1782;s__	d__Bacteria;p__Bacillota_A;c__Clostridia;o__Christensenellales;f__DTU072;g__Christensenellales CAG-1782)
MAG_254	k_Bacteria;n_FCB group;n_Bacteroidetes/Chlorobi group;p_Bacteroidetes;c_Bacteroidia;o_Bacteroidales;f_Prevotellaceae;g_Prevotella;n_unclassified Prevotella;s_Prevotella sp.	d__Bacteria;p__Bacteroidota;c__Bacteroidia;o__Bacteroidales;f__Bacteroidaceae;g__Prevotella;s__	d__Bacteria;p__Bacteroidota;c__Bacteroidia;o__Bacteroidales;f__Bacteroidaceae;g__Prevotella
MAG_255	k_Bacteria;n_Terrabacteria group;p_Firmicutes;c_Clostridia	d__Bacteria;p__Bacillota_A;c__Clostridia;o__Christensenellales;f__Borkfalkiaceae;g__UBA1259;s__	d__Bacteria;p__Bacillota_A;c__Clostridia;o__Christensenellales;f__Borkfalkiaceae;g__Borkfalkiaceae (UBA1259)
MAG_256	k_Bacteria;n_Terrabacteria group;p_Firmicutes;c_Clostridia;o_Eubacteriales;f_Oscillospiraceae	d__Bacteria;p__Bacillota_A;c__Clostridia;o__Oscillospirales;f__Oscillospiraceae;g__ER4;s__	d__Bacteria;p__Bacillota_A;c__Clostridia;o__Oscillospirales;f__Oscillospiraceae;g__Oscillospiraceae (ER4)
MAG_257	k_Bacteria;n_Terrabacteria group;p_Firmicutes;c_Clostridia;o_Eubacteriales;f_Lachnospiraceae;g_Anaerotignum;n_unclassified Anaerotignum;s_Anaerotignum sp.	d__Bacteria;p__Bacillota_A;c__Clostridia;o__Lachnospirales;f__Anaerotignaceae;g__Anaerotignum;s__Anaerotignum sp017523325	d__Bacteria;p__Bacillota_A;c__Clostridia;o__Lachnospirales;f__Anaerotignaceae;g__Anaerotignum;s__Anaerotignum (sp017523325)
MAG_258	k_Bacteria;n_Terrabacteria group;p_Firmicutes;c_Erysipelotrichia;o_Erysipelotrichales;f_Erysipelotrichaceae	d__Bacteria;p__Bacillota;c__Bacilli;o__Erysipelotrichales;f__Erysipelotrichaceae;g__UBA636;s__	d__Bacteria;p__Bacillota;c__Bacilli;o__Erysipelotrichales;f__Erysipelotrichaceae;g__Erysipelotrichaceae (UBA636)
MAG_259	k_Bacteria;n_Terrabacteria group;p_Firmicutes;c_Clostridia;n_unclassified Clostridia;s_Clostridia bacterium	d__Bacteria;p__Bacillota_A;c__Clostridia;o__Christensenellales;f__CAG-1252;g__RUG14300;s__	d__Bacteria;p__Bacillota_A;c__Clostridia;o__Christensenellales;f__CAG-1252;g__Christensenellales (RUG14300)
MAG_260	k_Bacteria;n_Terrabacteria group;p_Firmicutes;c_Clostridia;o_Eubacteriales;f_Lachnospiraceae;n_unclassified Lachnospiraceae;s_Lachnospiraceae bacterium	d__Bacteria;p__Bacillota_A;c__Clostridia;o__Lachnospirales;f__Lachnospiraceae;g__NK4A136;s__NK4A136 sp000687675	d__Bacteria;p__Bacillota_A;c__Clostridia;o__Lachnospirales;f__Lachnospiraceae;g__NK4A136;s__Lachnospiraceae (NK4A136 sp000687675)
MAG_261	k_Bacteria;n_Terrabacteria group;p_Firmicutes;c_Clostridia	d__Bacteria;p__Bacillota_A;c__Clostridia;o__Christensenellales;f__Borkfalkiaceae;g__;s__	d__Bacteria;p__Bacillota_A;c__Clostridia;o__Christensenellales;f__Borkfalkiaceae
MAG_262	k_Bacteria;n_FCB group;n_Bacteroidetes/Chlorobi group;p_Bacteroidetes;c_Bacteroidia;o_Bacteroidales;f_Muribaculaceae;n_unclassified Muribaculaceae;s_Muribaculaceae bacterium	d__Bacteria;p__Bacteroidota;c__Bacteroidia;o__Bacteroidales;f__Muribaculaceae;g__RUG14106;s__RUG14106 sp017552595	d__Bacteria;p__Bacteroidota;c__Bacteroidia;o__Bacteroidales;f__Muribaculaceae;g__RUG14106;s__Muribaculaceae (RUG14106 sp017552595)
MAG_263	k_Bacteria;n_Terrabacteria group;p_Firmicutes;c_Clostridia;o_Eubacteriales;f_Eubacteriaceae;g_Eubacterium	d__Bacteria;p__Bacillota_A;c__Clostridia;o__Peptostreptococcales;f__Anaerovoracaceae;g__Eubacterium_T;s__Eubacterium_T pyruvativorans	d__Bacteria;p__Bacillota_A;c__Clostridia;o__Peptostreptococcales;f__Anaerovoracaceae;g__Eubacterium_T;s__Eubacterium_T pyruvativorans
MAG_264	k_Bacteria;n_Terrabacteria group;p_Firmicutes;c_Clostridia;o_Eubacteriales;f_Oscillospiraceae	d__Bacteria;p__Bacillota_A;c__Clostridia;o__Oscillospirales;f__Oscillospiraceae;g__Limivicinus;s__	d__Bacteria;p__Bacillota_A;c__Clostridia;o__Oscillospirales;f__Oscillospiraceae;g__Limivicinus
MAG_265	k_Bacteria;n_FCB group;n_Bacteroidetes/Chlorobi group;p_Bacteroidetes;c_Bacteroidia;o_Bacteroidales;f_Paludibacteraceae	d__Bacteria;p__Bacteroidota;c__Bacteroidia;o__Bacteroidales;f__Paludibacteraceae;g__RF16;s__	d__Bacteria;p__Bacteroidota;c__Bacteroidia;o__Bacteroidales;f__Paludibacteraceae;g__Paludibacteraceae (RF16)
MAG_266	k_Bacteria;n_Terrabacteria group;p_Firmicutes;c_Clostridia;n_unclassified Clostridia;s_Clostridia bacterium	d__Bacteria;p__Bacillota_A;c__Clostridia;o__Christensenellales;f__Christensenellaceae;g__QANA01;s__QANA01 sp017439085	d__Bacteria;p__Bacillota_A;c__Clostridia;o__Christensenellales;f__Christensenellaceae;g__QANA01;s__Christensenellaceae (QANA01 sp017439085)
MAG_267	k_Bacteria;n_Terrabacteria group;p_Firmicutes;c_Clostridia	d__Bacteria;p__Bacillota_A;c__Clostridia;o__UMGS1883;f__JAAYMJ01;g__;s__	d__Bacteria;p__Bacillota_A;c__Clostridia;o__UMGS1883;f__Clostridia (JAAYMJ01)
MAG_268	k_Bacteria	d__Bacteria;p__Bacillota;c__Bacilli;o__RF39;f__UBA660;g__CALVRE01;s__	d__Bacteria;p__Bacillota;c__Bacilli;o__RF39;f__UBA660;g__Bacilli (CALVRE01)
MAG_269	k_Bacteria;n_FCB group;n_Bacteroidetes/Chlorobi group;p_Bacteroidetes;c_Bacteroidia;o_Bacteroidales;n_unclassified Bacteroidales;s_Bacteroidales bacterium	d__Bacteria;p__Bacteroidota;c__Bacteroidia;o__Bacteroidales;f__WCHB1-69;g__UBA1756;s__	d__Bacteria;p__Bacteroidota;c__Bacteroidia;o__Bacteroidales;f__WCHB1-69;g__Bacteroidales (UBA1756)
MAG_270	k_Bacteria;n_Terrabacteria group;p_Firmicutes	d__Bacteria;p__Bacillota_A;c__Clostridia;o__Peptostreptococcales;f__Anaerovoracaceae;g__Lentihominibacter;s__	d__Bacteria;p__Bacillota_A;c__Clostridia;o__Peptostreptococcales;f__Anaerovoracaceae;g__Lentihominibacter
MAG_271	k_Bacteria;n_Terrabacteria group;p_Firmicutes;c_Clostridia	d__Bacteria;p__Bacillota_A;c__Clostridia;o__Oscillospirales;f__QAKW01;g__RGIG9041;s__	d__Bacteria;p__Bacillota_A;c__Clostridia;o__Oscillospirales;f__QAKW01;g__Oscillospirales (RGIG9041)
MAG_272	k_Bacteria;n_FCB group;n_Bacteroidetes/Chlorobi group;p_Bacteroidetes;c_Bacteroidia;o_Bacteroidales	d__Bacteria;p__Bacteroidota;c__Bacteroidia;o__Bacteroidales;f__F082;g__Limimorpha;s__	d__Bacteria;p__Bacteroidota;c__Bacteroidia;o__Bacteroidales;f__F082;g__Limimorpha
MAG_273	k_Bacteria;p_Spirochaetes;c_Spirochaetia;o_Spirochaetales;f_Treponemataceae;g_Treponema;n_unclassified Treponema;s_Treponema sp.	d__Bacteria;p__Spirochaetota;c__Spirochaetia;o__Treponematales;f__Treponemataceae;g__Treponema_D;s__Treponema_D sp002373205	d__Bacteria;p__Spirochaetota;c__Spirochaetia;o__Treponematales;f__Treponemataceae;g__Treponema_D;s__Treponema_D (sp002373205)
MAG_274		d__Bacteria;p__Cyanobacteriota;c__Vampirovibrionia;o__Gastranaerophilales;f__Gastranaerophilaceae;g__RGIG6874;s__	d__Bacteria;p__Cyanobacteriota;c__Vampirovibrionia;o__Gastranaerophilales;f__Gastranaerophilaceae;g__Gastranaerophilaceae (RGIG6874)
MAG_275	k_Bacteria;n_Terrabacteria group;p_Firmicutes;c_Clostridia;o_Eubacteriales;f_Lachnospiraceae	d__Bacteria;p__Bacillota_A;c__Clostridia;o__Lachnospirales;f__Lachnospiraceae;g__JAILEN01;s__JAILEN01 sp024694625	d__Bacteria;p__Bacillota_A;c__Clostridia;o__Lachnospirales;f__Lachnospiraceae;g__JAILEN01;s__Lachnospiraceae (JAILEN01 sp024694625)
MAG_276	k_Bacteria;n_FCB group;n_Bacteroidetes/Chlorobi group;p_Bacteroidetes;c_Bacteroidia;o_Bacteroidales;f_Prevotellaceae;g_Prevotella	d__Bacteria;p__Bacteroidota;c__Bacteroidia;o__Bacteroidales;f__Bacteroidaceae;g__Prevotella;s__Prevotella sp902792635	d__Bacteria;p__Bacteroidota;c__Bacteroidia;o__Bacteroidales;f__Bacteroidaceae;g__Prevotella;s__Prevotella (sp902792635)
MAG_277	k_Bacteria;p_Proteobacteria;c_Gammaproteobacteria;o_Aeromonadales;f_Succinivibrionaceae;g_Succinivibrio	d__Bacteria;p__Pseudomonadota;c__Gammaproteobacteria;o__Enterobacterales_A;f__Succinivibrionaceae;g__Succinivibrio;s__	d__Bacteria;p__Pseudomonadota;c__Gammaproteobacteria;o__Enterobacterales_A;f__Succinivibrionaceae;g__Succinivibrio
MAG_278	k_Bacteria;n_Terrabacteria group;p_Firmicutes;c_Clostridia;o_Eubacteriales	d__Bacteria;p__Bacillota_A;c__Clostridia;o__Lachnospirales;f__Lachnospiraceae;g__Butyribacter;s__Butyribacter sp902788645	d__Bacteria;p__Bacillota_A;c__Clostridia;o__Lachnospirales;f__Lachnospiraceae;g__Butyribacter;s__Butyribacter (sp902788645)
MAG_279	k_Bacteria;n_Terrabacteria group;p_Firmicutes;c_Clostridia;n_unclassified Clostridia;s_Clostridia bacterium	d__Bacteria;p__Bacillota_A;c__Clostridia;o__Oscillospirales;f__Feifaniaceae;g__Galloscillospira_B;s__Galloscillospira_B sp017427525	d__Bacteria;p__Bacillota_A;c__Clostridia;o__Oscillospirales;f__Feifaniaceae;g__Galloscillospira_B;s__Galloscillospira_B (sp017427525)
MAG_280	k_Bacteria;n_Terrabacteria group;p_Firmicutes;c_Clostridia;o_Eubacteriales	d__Bacteria;p__Bacillota_A;c__Clostridia;o__Lachnospirales;f__Lachnospiraceae;g__CAG-791;s__CAG-791 sp900317475	d__Bacteria;p__Bacillota_A;c__Clostridia;o__Lachnospirales;f__Lachnospiraceae;g__CAG-791;s__Lachnospiraceae (CAG-791 sp900317475)
MAG_281	k_Bacteria;n_Terrabacteria group;p_Firmicutes;c_Clostridia;o_Eubacteriales;f_Lachnospiraceae	d__Bacteria;p__Bacillota_A;c__Clostridia;o__Lachnospirales;f__Lachnospiraceae;g__JAILLW01;s__	d__Bacteria;p__Bacillota_A;c__Clostridia;o__Lachnospirales;f__Lachnospiraceae;g__Lachnospiraceae (JAILLW01)
MAG_282	k_Archaea;p_Euryarchaeota;n_Methanomada group;c_Methanobacteria;o_Methanobacteriales;f_Methanobacteriaceae;g_Methanobrevibacter	d__Archaea;p__Methanobacteriota;c__Methanobacteria;o__Methanobacteriales;f__Methanobacteriaceae;g__Methanobrevibacter_A;s__	d__Archaea;p__Methanobacteriota;c__Methanobacteria;o__Methanobacteriales;f__Methanobacteriaceae;g__Methanobrevibacter_A
MAG_283	k_Bacteria;p_Elusimicrobia;c_Elusimicrobia;o_Elusimicrobiales;f_Elusimicrobiaceae	d__Bacteria;p__Elusimicrobiota;c__Elusimicrobia;o__Elusimicrobiales;f__Elusimicrobiaceae;g__UBA1436;s__UBA1436 sp902766765	d__Bacteria;p__Elusimicrobiota;c__Elusimicrobia;o__Elusimicrobiales;f__Elusimicrobiaceae;g__UBA1436;s__Elusimicrobiaceae (UBA1436 sp902766765)
MAG_284	k_Bacteria;n_Terrabacteria group;p_Firmicutes;c_Clostridia	d__Bacteria;p__Bacillota_A;c__Clostridia;o__Peptostreptococcales;f__Anaerovoracaceae;g__UBA3871;s__UBA3871 sp002392265	d__Bacteria;p__Bacillota_A;c__Clostridia;o__Peptostreptococcales;f__Anaerovoracaceae;g__UBA3871;s__Anaerovoracaceae (UBA3871 sp002392265)
MAG_285	k_Bacteria;n_Terrabacteria group;p_Firmicutes;c_Clostridia;o_Eubacteriales;f_Lachnospiraceae	d__Bacteria;p__Bacillota_A;c__Clostridia;o__Lachnospirales;f__Lachnospiraceae;g__UBA629;s__	d__Bacteria;p__Bacillota_A;c__Clostridia;o__Lachnospirales;f__Lachnospiraceae;g__Lachnospiraceae (UBA629)
MAG_286	k_Bacteria;n_Terrabacteria group;p_Firmicutes;c_Clostridia;n_unclassified Clostridia;s_Clostridia bacterium	d__Bacteria;p__Bacillota_A;c__Clostridia;o__Oscillospirales;f__CAG-382;g__UBA1752;s__UBA1752 sp902783535	d__Bacteria;p__Bacillota_A;c__Clostridia;o__Oscillospirales;f__CAG-382;g__UBA1752;s__Oscillospirales (UBA1752 sp902783535)
